date,ICPI
2016-04-01,-0.24608387519119146
2016-04-02,0.017595250607466473
2016-04-03,-0.28347313216832026
2016-04-04,-0.5854022252176739
2016-04-05,0.05361518475625432
2016-04-06,-0.478198805969398
2016-04-07,-1.8013875524645793
2016-04-08,-0.6554988764384054
2016-04-09,-0.6140930071247083
2016-04-10,-0.08493789431154536
2016-04-11,-0.081090321187609
2016-04-12,-0.3616385984143676
2016-04-13,-0.7865391346280044
2016-04-14,-0.54563829621768
2016-04-15,-0.44161221569580855
2016-04-16,-0.3563983287955269
2016-04-17,-0.48015951105865196
2016-04-18,-0.04944240267179251
2016-04-19,-0.5947933060788815
2016-04-20,-1.8837415289516168
2016-04-21,-0.7729377812672891
2016-04-22,-0.14854191975603745
2016-04-23,-0.5251138379532095
2016-04-24,-0.6287771151804422
2016-04-25,-0.3674508350859595
2016-04-26,-0.4538320866718578
2016-04-27,-1.8779422697371984
2016-04-28,-1.233295661952228
2016-04-29,-0.5748901490959007
2016-04-30,-0.761414576565491
2016-05-01,-0.7853797364447073
2016-05-02,-0.5412367172960726
2016-05-03,-0.8417745731494501
2016-05-04,-1.0934153631699894
2016-05-05,-1.0188027756457987
2016-05-06,-1.1891296184004947
2016-05-07,-1.070206545160215
2016-05-08,-1.0210600379865062
2016-05-09,-1.1313983561260472
2016-05-10,-0.9012734693984521
2016-05-11,-2.286114654907592
2016-05-12,-1.1350930474232002
2016-05-13,-1.4812398474679718
2016-05-14,-1.8096407938241987
2016-05-15,-1.5041352112067983
2016-05-16,-1.3881197509867191
2016-05-17,-1.5966450865506456
2016-05-18,-1.0730944910359594
2016-05-19,-1.246109262920055
2016-05-20,-1.5825705100299163
2016-05-21,-1.269443095739123
2016-05-22,-1.1784212413924622
2016-05-23,-1.4121383730724981
2016-05-24,-1.621827683611475
2016-05-25,-2.8371382443308386
2016-05-26,-1.4250029869628564
2016-05-27,-2.912712109255083
2016-05-28,-1.733879714316911
2016-05-29,-1.361276167141133
2016-05-30,-1.1987285206338993
2016-05-31,-1.5991389803631484
2016-06-01,-1.8377327806730723
2016-06-02,-1.6976745292897029
2016-06-03,-1.7554138902950243
2016-06-04,-1.8927015297884187
2016-06-05,-1.936997215482978
2016-06-06,-2.0830337572509525
2016-06-07,-1.463714510958198
2016-06-08,-1.7311344546109166
2016-06-09,-0.4953782625615263
2016-06-10,-0.6980665366134242
2016-06-11,-1.0616154995144653
2016-06-12,-0.7218483969224595
2016-06-13,-1.1281945695688789
2016-06-14,-1.0937007373910352
2016-06-15,-0.9722703840460141
2016-06-16,-0.8657201929589199
2016-06-17,-1.1795174237747612
2016-06-18,-0.8686900393082551
2016-06-19,-0.8852183036761967
2016-06-20,-1.0707252243370096
2016-06-21,-1.318873768650757
2016-06-22,-0.987606742029402
2016-06-23,-1.4222764255231979
2016-06-24,-0.6033722426586725
2016-06-25,-1.2806232938590747
2016-06-26,-1.5203567432502627
2016-06-27,-2.2674861772184207
2016-06-28,-1.5830930447351148
2016-06-29,-2.630029485925237
2016-06-30,-1.718204825196766
2016-07-01,-2.5882631656196993
2016-07-02,-1.6157257940830454
2016-07-03,-1.0793170361091469
2016-07-04,-1.4440588650900397
2016-07-05,-1.482926236998606
2016-07-06,-1.376600062493318
2016-07-07,-1.313556197645706
2016-07-08,-1.7984598685719453
2016-07-09,-1.6375190498561107
2016-07-10,-1.3855593016828223
2016-07-11,-1.102214780632716
2016-07-12,-0.831193329674477
2016-07-13,-1.5619620111740968
2016-07-14,-1.2526989044783516
2016-07-15,-1.6247249358670228
2016-07-16,-1.4499107487776315
2016-07-17,-1.2698977820376198
2016-07-18,-0.9924261848028928
2016-07-19,-2.6088925108619576
2016-07-20,-2.8165446502142517
2016-07-21,-1.5988173657727847
2016-07-22,-1.4225038573664623
2016-07-23,-1.4657374290604759
2016-07-24,-1.3127740432814183
2016-07-25,-0.885204163626505
2016-07-26,-1.3324689344838065
2016-07-27,-2.19063673357072
2016-07-28,-0.8631408877195471
2016-07-29,-0.8712906006492374
2016-07-30,-1.7536605275503931
2016-07-31,-1.2658161256065528
2016-08-01,-0.9336541096712153
2016-08-02,-1.4564247122388498
2016-08-03,-1.9521408558823374
2016-08-04,-4.787126351394153
2016-08-05,-4.838446890762678
2016-08-06,-1.9519779652514502
2016-08-07,-1.828797729922102
2016-08-08,-2.7992604514638657
2016-08-09,-2.0318209465105093
2016-08-10,-2.7065070678172933
2016-08-11,-2.3646827347685972
2016-08-12,-5.088988380028828
2016-08-13,-3.520422009066242
2016-08-14,-2.0800406710466266
2016-08-15,-1.747745758071201
2016-08-16,-1.2727478700980497
2016-08-17,-2.861895853220667
2016-08-18,-1.9731254258914939
2016-08-19,-1.2909661929537946
2016-08-20,-1.9504837385215266
2016-08-21,-1.351853645078551
2016-08-22,-1.2556432095867613
2016-08-23,-1.2335122638898293
2016-08-24,-1.627273156764669
2016-08-25,-2.2327036432034837
2016-08-26,-1.3183016746844645
2016-08-27,-1.2613004814835964
2016-08-28,-1.2221436978838796
2016-08-29,-1.0989259037411794
2016-08-30,-0.8354994140200646
2016-08-31,-0.9823042711589872
2016-09-01,-0.9553826316051397
2016-09-02,-0.7624000079600267
2016-09-03,-1.0051150506538349
2016-09-04,-1.0113386163505862
2016-09-05,-0.5027934708394781
2016-09-06,-0.8485686496283844
2016-09-07,-0.6681825215839005
2016-09-08,-0.4664339299925859
2016-09-09,-0.1977971418436728
2016-09-10,-0.42066340485715514
2016-09-11,-0.6138770535876911
2016-09-12,-0.3189036539645015
2016-09-13,-0.3606834154429224
2016-09-14,-0.41279295524275
2016-09-15,-0.3751893523903186
2016-09-16,0.3765900130795442
2016-09-17,0.018156465611837314
2016-09-18,0.310723802087814
2016-09-19,0.7742398541284832
2016-09-20,0.8370640445105593
2016-09-21,0.14583345982075432
2016-09-22,0.11286967462710012
2016-09-23,0.1257678274669902
2016-09-24,0.26509264704194335
2016-09-25,-0.38618407455816983
2016-09-26,-0.06799682391011319
2016-09-27,-0.4203693664353547
2016-09-28,-0.740219997738422
2016-09-29,-0.9102371352646461
2016-09-30,-0.7201963971403823
2016-10-01,-1.1621308286483123
2016-10-02,-0.6294357742597582
2016-10-03,-0.5415355119803706
2016-10-04,-0.44293439172075216
2016-10-05,-0.6520465930504252
2016-10-06,-0.5074330208517447
2016-10-07,-0.5537264121033336
2016-10-08,-0.6898431353059418
2016-10-09,-0.26583102458002966
2016-10-10,-0.22686368648720526
2016-10-11,-0.31241103025103445
2016-10-12,-0.24389803870935226
2016-10-13,-0.11783166594269229
2016-10-14,-0.030248852872727605
2016-10-15,0.09837005744969984
2016-10-16,-0.23670147061443164
2016-10-17,-0.06047077081614541
2016-10-18,-0.11666253565969119
2016-10-19,-1.8240779757505956
2016-10-20,-0.6559506880949493
2016-10-21,-0.48877239582328186
2016-10-22,-0.5953207625198682
2016-10-23,-0.5177322985655378
2016-10-24,-0.17861165845558424
2016-10-25,-0.6331407774123655
2016-10-26,-0.6254074537908391
2016-10-27,-2.0605103420361153
2016-10-28,-0.635785952464677
2016-10-29,-0.0770204333776679
2016-10-30,-0.4105195508944059
2016-10-31,-0.38353137395747006
2016-11-01,-0.25265453393552134
2016-11-02,-0.5657243964966236
2016-11-03,-0.05069876713792787
2016-11-04,-0.6360917399097965
2016-11-05,-0.3982274763290592
2016-11-06,0.21829445860298102
2016-11-07,0.23568672234620913
2016-11-08,-0.16808616840120208
2016-11-09,-0.11908406675289313
2016-11-10,0.568437753192553
2016-11-11,1.4699736340780183
2016-11-12,0.3138888910144051
2016-11-13,0.9099302651029328
2016-11-14,0.7706528841956009
2016-11-15,0.033475735794823935
2016-11-16,-0.12279374466251088
2016-11-17,-0.23074988042333805
2016-11-18,-0.15663586738762292
2016-11-19,-0.07031460427057457
2016-11-20,-0.15459837327121806
2016-11-21,-0.4482893514519326
2016-11-22,-1.1641620545082685
2016-11-23,-1.0209783783529398
2016-11-24,-0.43729107983248816
2016-11-25,0.0410713523614985
2016-11-26,0.17709378015803018
2016-11-27,0.24742469231130995
2016-11-28,0.4668224697591373
2016-11-29,0.12493986954520418
2016-11-30,-0.03170644039967747
2016-12-01,0.14788928668561072
2016-12-02,0.24133893586716346
2016-12-03,-0.07158517906907308
2016-12-04,0.46489644922058
2016-12-05,0.21568085051689817
2016-12-06,0.4844238181619537
2016-12-07,-0.1757147962464574
2016-12-08,0.06658809084396253
2016-12-09,0.21735410256571935
2016-12-10,0.26571796651875434
2016-12-11,0.22400736800325616
2016-12-12,0.4241317300776061
2016-12-13,0.2913384921578527
2016-12-14,-1.6165364227176526
2016-12-15,-0.4392721417768287
2016-12-16,-0.3356133116939724
2016-12-17,-1.146021242224361
2016-12-18,-0.7063303322623491
2016-12-19,-0.9729626005356042
2016-12-20,-1.3001166886191022
2016-12-21,-2.660074559604122
2016-12-22,-4.205380822015244
2016-12-23,-2.8034903292707276
2016-12-24,-4.683985681397004
2016-12-25,-2.7412038484525767
2016-12-26,-4.1178156573471245
2016-12-27,-1.3392691961827698
2016-12-28,-1.551353122195992
2016-12-29,-2.480430125253789
2016-12-30,-4.753436674742211
2016-12-31,-1.5722121318854951
2017-01-01,-1.4367071679582253
2017-01-02,-1.378788068717612
2017-01-03,-1.0914318768843414
2017-01-04,-2.3372249585665705
2017-01-05,-1.081824005573644
2017-01-06,-1.6473104021851328
2017-01-07,-1.5776871089082378
2017-01-08,-1.8123598945229955
2017-01-09,-1.2651639728316721
2017-01-10,-1.2457946223793617
2017-01-11,-2.9222926686816173
2017-01-12,-1.7908380171288878
2017-01-13,-2.0075991125220165
2017-01-14,-2.0921485426979505
2017-01-15,-1.556668792615672
2017-01-16,-1.0864258295749376
2017-01-17,-1.4245921423268972
2017-01-18,-1.6735597098197081
2017-01-19,-2.023262842151058
2017-01-20,-1.5108455507904774
2017-01-21,-1.7292940866765751
2017-01-22,-1.3560418645759562
2017-01-23,-1.7420557425606769
2017-01-24,-1.377430624190544
2017-01-25,-1.7096734263964717
2017-01-26,-1.6387259467575805
2017-01-27,-1.573807747647807
2017-01-28,-1.5352860362454097
2017-01-29,-1.6455513576477176
2017-01-30,-0.7949579634600342
2017-01-31,-0.723887125347509
2017-02-01,-0.882787555242748
2017-02-02,-0.8142640997120598
2017-02-03,-0.2699050948268221
2017-02-04,-0.2487860168154805
2017-02-05,-0.10909568984577572
2017-02-06,-0.4473218504015263
2017-02-07,-0.6677952148675836
2017-02-08,-0.7452065859992018
2017-02-09,-0.44689965664031933
2017-02-10,0.03909547346758058
2017-02-11,-0.2895486117381547
2017-02-12,-0.049716806694893756
2017-02-13,0.15238868702634947
2017-02-14,-0.2375873474865193
2017-02-15,-0.18269483567536768
2017-02-16,-0.45382615126762826
2017-02-17,-0.00029869755364858586
2017-02-18,-0.13858185882524504
2017-02-19,0.11761121282842901
2017-02-20,-0.003996680408921149
2017-02-21,-0.017967574498137413
2017-02-22,-0.468946062976532
2017-02-23,-0.2677345370841361
2017-02-24,-0.13050601388340966
2017-02-25,-0.11213664205473384
2017-02-26,-0.0007350925096575867
2017-02-27,-0.01060877194390776
2017-02-28,0.3603079210403734
2017-03-01,-0.6150602245889885
2017-03-02,-0.28633566275741995
2017-03-03,-0.27893003744978956
2017-03-04,-0.6322324343291275
2017-03-05,-0.603599862013351
2017-03-06,-0.23360187933325555
2017-03-07,-0.3794359073848787
2017-03-08,-0.6032639183215756
2017-03-09,-1.1219087574902515
2017-03-10,-0.4119816856947285
2017-03-11,-0.6611010467989713
2017-03-12,-0.2873937920748022
2017-03-13,-0.011220293573580578
2017-03-14,-0.3380476295789193
2017-03-15,-0.536992185290722
2017-03-16,-0.28234774976631427
2017-03-17,-0.5556340899745282
2017-03-18,-0.4455783691008961
2017-03-19,-0.3246925145539028
2017-03-20,0.03876531025475592
2017-03-21,-0.45882765944901405
2017-03-22,-0.29061297959137766
2017-03-23,0.2371390790621054
2017-03-24,-0.2113364437874317
2017-03-25,-0.39937990619734737
2017-03-26,-0.16918333519409484
2017-03-27,-0.23099250860420267
2017-03-28,0.24611197173475946
2017-03-29,-0.1569036442161305
2017-03-30,-0.42044585432879455
2017-03-31,-0.3987164135006581
2017-04-01,-0.4791402548627571
2017-04-02,-0.8188986473646735
2017-04-03,-0.5260210164619701
2017-04-04,-0.6730901335654583
2017-04-05,-0.6717399750796146
2017-04-06,-0.5955967892193681
2017-04-07,-0.11613431169073317
2017-04-08,-0.29817627256046686
2017-04-09,-0.7252217780334452
2017-04-10,-0.40651583488471277
2017-04-11,-0.5612352081807293
2017-04-12,-0.8832303463039501
2017-04-13,-0.5709402986461019
2017-04-14,-0.5373265872165546
2017-04-15,-0.6709516103687446
2017-04-16,-0.4995324858960954
2017-04-17,-0.17294742555867693
2017-04-18,-0.46263393690022603
2017-04-19,-0.5380321682315742
2017-04-20,-0.6964416437508694
2017-04-21,-0.5606849940799706
2017-04-22,-0.893045183692319
2017-04-23,-1.2320014278163813
2017-04-24,-0.5272717220498088
2017-04-25,-0.42394176479635703
2017-04-26,-0.6804580077223761
2017-04-27,-0.8147234711777738
2017-04-28,-0.686893438758591
2017-04-29,-1.1965339877079693
2017-04-30,-1.021416693510915
2017-05-01,-0.5970311302574774
2017-05-02,-0.7674844411507287
2017-05-03,-0.9642276661299372
2017-05-04,-0.5185492562286819
2017-05-05,-0.6803622056948225
2017-05-06,-1.4020389129483481
2017-05-07,-0.9816468695418177
2017-05-08,-0.40513141291560684
2017-05-09,-0.4434871464668304
2017-05-10,-0.9055220704629843
2017-05-11,-0.9837882470218888
2017-05-12,-1.2364220407781246
2017-05-13,-1.6233983019984262
2017-05-14,-1.472480930486757
2017-05-15,-1.1726281811585961
2017-05-16,-1.4494908164926479
2017-05-17,-1.2235126581762272
2017-05-18,-2.3362961546423833
2017-05-19,-1.297354420937367
2017-05-20,-1.9687374043793415
2017-05-21,-1.477932992276583
2017-05-22,-1.3658639331595348
2017-05-23,-1.3993505757353926
2017-05-24,-0.9980039956909228
2017-05-25,-1.5301716074470082
2017-05-26,-1.573252819227849
2017-05-27,-1.726680832828237
2017-05-28,-1.7138186856149717
2017-05-29,-1.2488048607110338
2017-05-30,-1.8721581056030512
2017-05-31,-1.2474933637290095
2017-06-01,-1.4833256241257822
2017-06-02,-1.0475457849879317
2017-06-03,-1.550329545199789
2017-06-04,-0.8956754805173729
2017-06-05,-0.8606874488077254
2017-06-06,-1.03230883566669
2017-06-07,-1.6889808242424411
2017-06-08,-1.3455628275934965
2017-06-09,-1.0007636243228966
2017-06-10,-1.1344199926955203
2017-06-11,-1.032902998444655
2017-06-12,-1.0683482512998748
2017-06-13,-0.8933477971883336
2017-06-14,-0.7513801489937586
2017-06-15,-0.44648822703065794
2017-06-16,-0.9161438233246955
2017-06-17,-0.8403431906618614
2017-06-18,-1.0546861928302018
2017-06-19,-0.773488665174666
2017-06-20,-0.8867914623070748
2017-06-21,-0.640884361873902
2017-06-22,-0.45846661611811024
2017-06-23,-0.44376329184020913
2017-06-24,-0.7828964063870535
2017-06-25,-0.5515633326895324
2017-06-26,-0.3464012094394114
2017-06-27,-0.08372132653908229
2017-06-28,0.07014841201700099
2017-06-29,0.38997722274814733
2017-06-30,-0.19573889629138666
2017-07-01,-0.6310622000323894
2017-07-02,-0.2647451922233467
2017-07-03,-0.1959082043083834
2017-07-04,-0.8011721146533473
2017-07-05,-1.0072225169789328
2017-07-06,-0.603619057131031
2017-07-07,-0.5444120278029149
2017-07-08,-0.9665910500790689
2017-07-09,-0.8219388517059791
2017-07-10,-0.5896152722551987
2017-07-11,-1.2381971706582182
2017-07-12,-1.1723854442592399
2017-07-13,-0.4214734337512576
2017-07-14,-1.0559435288916896
2017-07-15,-1.1218407031850992
2017-07-16,-0.9495287055407389
2017-07-17,-0.7671343415358858
2017-07-18,-0.6313433231994283
2017-07-19,-0.8022698401816508
2017-07-20,-3.01600360335155
2017-07-21,-0.690521812211066
2017-07-22,-1.0058404450935654
2017-07-23,-0.9670911954533855
2017-07-24,-0.5554162573409918
2017-07-25,-0.6577775591321352
2017-07-26,-0.934103009408042
2017-07-27,-0.2686817409432515
2017-07-28,-0.16709645475012563
2017-07-29,-0.6061558374751165
2017-07-30,-0.8848681216765164
2017-07-31,-0.7434640040088052
2017-08-01,-0.6284136465781971
2017-08-02,-0.9706400384253051
2017-08-03,-0.8647815169950673
2017-08-04,-0.6565008921612152
2017-08-05,-0.8658988362213857
2017-08-06,-0.7213809917894155
2017-08-07,-0.6361171045168159
2017-08-08,-1.8690058653785864
2017-08-09,-2.1999337796679317
2017-08-10,-0.9139197487830333
2017-08-11,-2.0790014028652077
2017-08-12,-2.0103134499987827
2017-08-13,-1.2195582687553452
2017-08-14,-1.438313245254497
2017-08-15,-0.6961906148273086
2017-08-16,-0.8854689002814586
2017-08-17,-1.7808343425745676
2017-08-18,-0.9678505441940946
2017-08-19,-1.122008463456732
2017-08-20,-1.0316430178855789
2017-08-21,-0.37202605490237683
2017-08-22,-1.6622593047849177
2017-08-23,-2.3645367885160073
2017-08-24,-0.7104725680171595
2017-08-25,-0.5226148434322777
2017-08-26,-1.335219991803525
2017-08-27,-0.37305790518414594
2017-08-28,0.12205114883148921
2017-08-29,-0.2672561881552967
2017-08-30,-0.21910629546225222
2017-08-31,0.6352344999328263
2017-09-01,0.1474928260917449
2017-09-02,-0.2116631862838898
2017-09-03,-0.08335348286376693
2017-09-04,0.3419888246906766
2017-09-05,0.13492765432341883
2017-09-06,-0.25683796628490985
2017-09-07,0.19372155754656548
2017-09-08,0.4099224115185335
2017-09-09,-0.17889297309049113
2017-09-10,0.7376012500254326
2017-09-11,0.7873680005690482
2017-09-12,0.40542658584482755
2017-09-13,0.5432559804525643
2017-09-14,0.5219952703411077
2017-09-15,0.7451504559997727
2017-09-16,0.9316062956986415
2017-09-17,0.607539370001533
2017-09-18,0.9089127705641996
2017-09-19,0.6501706798320523
2017-09-20,0.4491801483018192
2017-09-21,0.6220781466510937
2017-09-22,0.7616853314662889
2017-09-23,0.4005008251590686
2017-09-24,0.6715623013106564
2017-09-25,0.9075195520163942
2017-09-26,0.489933935572117
2017-09-27,0.030525127915441486
2017-09-28,-0.04417998469511465
2017-09-29,0.2009925708345337
2017-09-30,-0.49019598434406575
2017-10-01,0.15600138896791643
2017-10-02,0.189217484923667
2017-10-03,-0.17832606227012007
2017-10-04,-0.2404795179640056
2017-10-05,0.44053287984619655
2017-10-06,0.2545289826681518
2017-10-07,0.4342876810950009
2017-10-08,1.1721005854186375
2017-10-09,1.055849340388987
2017-10-10,0.2441097019407081
2017-10-11,-0.17495548528225915
2017-10-12,0.44681375017255615
2017-10-13,0.1931352318115146
2017-10-14,0.0778021443007128
2017-10-15,0.24198085364772928
2017-10-16,0.5485439253918896
2017-10-17,0.3280546676339008
2017-10-18,-0.2179757266582657
2017-10-19,-0.07320906092362
2017-10-20,0.22628132357717834
2017-10-21,-0.2916767069732997
2017-10-22,-0.0886813734884801
2017-10-23,0.2653641654202371
2017-10-24,-0.15833087875652382
2017-10-25,-0.1686039856835965
2017-10-26,-0.014471078824673467
2017-10-27,0.25638314791225464
2017-10-28,-0.06772712440711612
2017-10-29,-0.03588722105345543
2017-10-30,0.7192101789482175
2017-10-31,0.21058687440545495
2017-11-01,0.03737024756674162
2017-11-02,0.38034177373187794
2017-11-03,0.4742164448839579
2017-11-04,0.19650687470373782
2017-11-05,0.0357654455554675
2017-11-06,-0.00978328078567986
2017-11-07,0.09665864087435143
2017-11-08,0.058674891428735276
2017-11-09,0.33430557392184046
2017-11-10,0.2373355584240131
2017-11-11,-0.073081797967115
2017-11-12,0.2913875527289359
2017-11-13,0.5392496297478859
2017-11-14,-0.010652576514066966
2017-11-15,-0.14363823842750575
2017-11-16,0.14028235736508232
2017-11-17,0.1473547827322722
2017-11-18,-0.1510681581402901
2017-11-19,0.22563651253560904
2017-11-20,0.0538546977440029
2017-11-21,-0.29610367693825357
2017-11-22,-0.6871946015016733
2017-11-23,-0.49001105180900395
2017-11-24,-0.09540044947950979
2017-11-25,-0.004051174653557144
2017-11-26,0.5434876883449478
2017-11-27,0.7514863832993751
2017-11-28,0.43681621665443965
2017-11-29,0.5744861107903699
2017-11-30,1.0467373672366505
2017-12-01,0.6688859340710271
2017-12-02,0.30111491895082304
2017-12-03,0.9828506329152746
2017-12-04,0.9501744092637395
2017-12-05,0.9810889291974395
2017-12-06,0.3069855191398823
2017-12-07,0.6595298118128328
2017-12-08,0.5369451415874489
2017-12-09,0.5134405029986795
2017-12-10,0.5925149798293895
2017-12-11,0.5795805756983778
2017-12-12,0.3654330631730621
2017-12-13,-0.9183417144639234
2017-12-14,-1.2888889928722753
2017-12-15,-0.5771163361336817
2017-12-16,-0.6198246018651474
2017-12-17,-0.12353448978793655
2017-12-18,0.16191605151950136
2017-12-19,-0.15023247205749893
2017-12-20,-0.379847294208617
2017-12-21,-0.28981798736740333
2017-12-22,-1.372819124936573
2017-12-23,-2.040731826226902
2017-12-24,-1.8994962477642503
2017-12-25,-2.1509034104409337
2017-12-26,-0.6099106032784742
2017-12-27,-1.8108483519323777
2017-12-28,-1.8515663417010804
2017-12-29,-1.5064809783863145
2017-12-30,-0.5664014586091112
2017-12-31,-0.40264467111046787
2018-01-01,-0.30674525253499213
2018-01-02,0.39445869102123293
2018-01-03,-1.0154371047140223
2018-01-04,-0.08554944873818968
2018-01-05,0.0840508692346591
2018-01-06,-1.647533121220729
2018-01-07,-0.1844718667651995
2018-01-08,0.3984518946204516
2018-01-09,-0.20757908851527732
2018-01-10,-1.3977299467037234
2018-01-11,-0.11514824026579187
2018-01-12,-0.09795661234390382
2018-01-13,-0.20546617760553781
2018-01-14,0.08068129949833705
2018-01-15,-0.06334951871378441
2018-01-16,0.10638906061080454
2018-01-17,-0.33957330430088184
2018-01-18,-0.43849594104019646
2018-01-19,0.16886789833677515
2018-01-20,-0.23772662941358408
2018-01-21,-0.35657029654049405
2018-01-22,0.34384171842185357
2018-01-23,-0.12003626733436536
2018-01-24,0.17634996128044939
2018-01-25,0.32761940699170544
2018-01-26,-0.15866409772614848
2018-01-27,0.20899222783889157
2018-01-28,0.40336085861573334
2018-01-29,1.011580736913746
2018-01-30,0.5607779670807481
2018-01-31,0.3060447857388858
2018-02-01,0.4419630490846481
2018-02-02,0.3578590425752902
2018-02-03,0.43053788074689103
2018-02-04,0.26435033651276785
2018-02-05,0.3402702098671974
2018-02-06,0.5202521125622399
2018-02-07,-0.28195782177858275
2018-02-08,0.33638558839464305
2018-02-09,-0.07547011526343717
2018-02-10,-0.506378897957916
2018-02-11,-0.8243206058492885
2018-02-12,-0.727001086116716
2018-02-13,-0.08150611931954842
2018-02-14,-0.4923483758769347
2018-02-15,-0.6217123718409308
2018-02-16,-0.7918322067662171
2018-02-17,-0.5746682453949797
2018-02-18,-0.12738002967130102
2018-02-19,0.2541189902502379
2018-02-20,0.40132182656339066
2018-02-21,-0.11107387368801559
2018-02-22,0.023589857927052954
2018-02-23,0.6598933901851769
2018-02-24,0.8174313737881004
2018-02-25,0.6324536738325683
2018-02-26,0.6222531304388186
2018-02-27,0.6144777584872485
2018-02-28,0.3661700523279446
2018-03-01,0.3639723693816219
2018-03-02,0.013303157397233395
2018-03-03,0.41640830884672014
2018-03-04,0.49152974233520186
2018-03-05,0.7595598466057762
2018-03-06,0.18936248367827951
2018-03-07,-0.15585247435507732
2018-03-08,0.25647787704146674
2018-03-09,0.31277017983323374
2018-03-10,-0.12152891199529928
2018-03-11,0.021557167160519447
2018-03-12,0.13586145901851165
2018-03-13,-0.13495975835045337
2018-03-14,-0.21227922461366922
2018-03-15,0.08889767467708479
2018-03-16,-0.012056267791199816
2018-03-17,-0.029196374533522612
2018-03-18,-0.0698120212750894
2018-03-19,0.49857577161896116
2018-03-20,0.230178854762843
2018-03-21,0.022266522677734907
2018-03-22,0.05676876697372358
2018-03-23,0.24406367763221776
2018-03-24,0.256209912988293
2018-03-25,0.3127311116581445
2018-03-26,0.6158060959401013
2018-03-27,0.24258575504525584
2018-03-28,-0.10056765323804531
2018-03-29,-0.09086824402087983
2018-03-30,-0.1931182971761134
2018-03-31,-0.16648611300315486
2018-04-01,-0.17867685859830232
2018-04-02,-0.026541809938192662
2018-04-03,-0.2843228125450018
2018-04-04,0.00886793251685794
2018-04-05,-0.319263588441992
2018-04-06,0.00972891742290874
2018-04-07,-0.3191523698839013
2018-04-08,-0.04023850434686251
2018-04-09,0.5180531125001184
2018-04-10,-0.0002835251595411231
2018-04-11,-0.39933437758782264
2018-04-12,0.18529856869554215
2018-04-13,0.3874589643670415
2018-04-14,0.1318198259533403
2018-04-15,0.2201315030254212
2018-04-16,0.22336600594765005
2018-04-17,-0.08925677275837712
2018-04-18,-0.40330416589316354
2018-04-19,-0.09985289169744285
2018-04-20,0.14590471479125894
2018-04-21,0.2021139039205439
2018-04-22,0.054666032726041654
2018-04-23,0.21193323327787428
2018-04-24,0.23057219253868022
2018-04-25,-0.04255931820317506
2018-04-26,-0.4870992579933154
2018-04-27,-0.12197067154076616
2018-04-28,-0.406294109640419
2018-04-29,-0.12289243059973738
2018-04-30,0.5469118477662045
2018-05-01,0.2368260631825653
2018-05-02,-0.09283778524875033
2018-05-03,0.37696685166030475
2018-05-04,0.24344129834827136
2018-05-05,0.07013970348332707
2018-05-06,0.24899700521276938
2018-05-07,0.14407165650071674
2018-05-08,-0.2044061312505179
2018-05-09,-1.6754458778158947
2018-05-10,-0.6125605119549126
2018-05-11,-0.19693924993203393
2018-05-12,-0.7251417792782923
2018-05-13,-0.2643348616561686
2018-05-14,-0.10254244244987468
2018-05-15,-0.28434136421523065
2018-05-16,-0.29989438039831584
2018-05-17,-0.11305754344739098
2018-05-18,-0.03060633672169326
2018-05-19,-0.5356680144893384
2018-05-20,-0.09242884677852378
2018-05-21,0.18111965396290988
2018-05-22,-0.18100257460163238
2018-05-23,-0.4362366512413933
2018-05-24,0.02858935119673477
2018-05-25,-0.24782957553932272
2018-05-26,-0.15908890708034773
2018-05-27,-0.5070939393587012
2018-05-28,-0.13510436699749648
2018-05-29,-0.5943424579352852
2018-05-30,-0.3008954668593508
2018-05-31,-0.1780953336361194
2018-06-01,-0.23619155204943598
2018-06-02,-0.5547849203856412
2018-06-03,-0.4731891613362718
2018-06-04,-0.43561957227035697
2018-06-05,-0.11750842384329457
2018-06-06,-0.6024494879852211
2018-06-07,-0.607173654662126
2018-06-08,-0.6904214736103954
2018-06-09,-0.5911536140714553
2018-06-10,-0.7884897713864257
2018-06-11,-0.18782133607142174
2018-06-12,-0.3341678170836619
2018-06-13,-0.7147009822108779
2018-06-14,-0.9191135243215218
2018-06-15,-0.4341054477659707
2018-06-16,-0.9888648117481847
2018-06-17,-0.7620767506843781
2018-06-18,-0.7245591932099007
2018-06-19,-0.8030235751655375
2018-06-20,-0.7432111855147772
2018-06-21,-0.5757018241652542
2018-06-22,-0.613659770623899
2018-06-23,-0.7387936440702805
2018-06-24,-0.49622604677967375
2018-06-25,-0.7049550675513058
2018-06-26,-0.678019132572238
2018-06-27,-0.9907736014102677
2018-06-28,-0.7284173467484981
2018-06-29,-0.5699974349586723
2018-06-30,-0.9279389424652312
2018-07-01,-1.200372381335399
2018-07-02,-0.8689046396642454
2018-07-03,-1.134580418283422
2018-07-04,-1.2722216342744583
2018-07-05,-0.5961191803468412
2018-07-06,-0.43607261344736425
2018-07-07,-1.1167897931923618
2018-07-08,-0.697259216387951
2018-07-09,-0.27242885174947
2018-07-10,-0.7139076570621793
2018-07-11,-0.16116491266532074
2018-07-12,-0.29725767345120535
2018-07-13,-0.8220460550992151
2018-07-14,-1.2733824267388665
2018-07-15,-0.42875801671637964
2018-07-16,-0.4835877645827011
2018-07-17,-0.6281197082280436
2018-07-18,-1.1453081148316457
2018-07-19,-0.7230558208207865
2018-07-20,-0.885918523844451
2018-07-21,-0.5505270181297028
2018-07-22,-0.4369136868392323
2018-07-23,-0.08316661775664906
2018-07-24,-0.7584205254651916
2018-07-25,-0.7191696334632048
2018-07-26,-0.6035445639352126
2018-07-27,-0.22838505394642372
2018-07-28,-1.2340381359132664
2018-07-29,-0.9569488004383135
2018-07-30,-0.4718175898986018
2018-07-31,-0.6547049881186803
2018-08-01,-0.5690337317696208
2018-08-02,-0.05993922514956796
2018-08-03,-0.9033483212999013
2018-08-04,-0.7658480889331646
2018-08-05,-0.9625784050093611
2018-08-06,-0.5432760316024894
2018-08-07,-1.0317337991279683
2018-08-08,-0.8789931856901895
2018-08-09,-0.612391921791585
2018-08-10,-2.3974742529908255
2018-08-11,-0.7021575210268619
2018-08-12,-0.6054693432529598
2018-08-13,-0.7204797552936375
2018-08-14,-0.861743682023138
2018-08-15,-0.9030652666207317
2018-08-16,-1.062533754865857
2018-08-17,-1.0381510522740975
2018-08-18,-0.7429874395478041
2018-08-19,-0.5908851712508655
2018-08-20,-0.268142086661852
2018-08-21,-0.5217224633723914
2018-08-22,-0.798011338976588
2018-08-23,-0.8256261865557284
2018-08-24,-0.5616572334114511
2018-08-25,-0.3685505798732798
2018-08-26,-0.1404528201437117
2018-08-27,-0.10179547104752269
2018-08-28,-0.34664982299942226
2018-08-29,-0.4255556992217119
2018-08-30,-0.23956271032975035
2018-08-31,-0.08894829975554487
2018-09-01,-0.499513198272188
2018-09-02,-0.0002864060650719369
2018-09-03,0.27666855177662425
2018-09-04,0.6251532734927431
2018-09-05,-0.12510614375058243
2018-09-06,0.39022293186674506
2018-09-07,0.2473184822624019
2018-09-08,0.4175884110637521
2018-09-09,0.5130598284600302
2018-09-10,1.0184869303452564
2018-09-11,0.6984550231310842
2018-09-12,0.6824410292516292
2018-09-13,0.6846088022325146
2018-09-14,0.7464123023837657
2018-09-15,0.4070151753503823
2018-09-16,0.5654001122193266
2018-09-17,1.0449831952360569
2018-09-18,0.27268629045287346
2018-09-19,0.1780529591330796
2018-09-20,0.4032997434227823
2018-09-21,0.38498362351248244
2018-09-22,0.5843036768318839
2018-09-23,0.6804419453919263
2018-09-24,0.4489777667336304
2018-09-25,0.8137910429310069
2018-09-26,0.6796807980548233
2018-09-27,0.28647214516648517
2018-09-28,0.5014428298755366
2018-09-29,0.2614434188977994
2018-09-30,0.17516203538035685
2018-10-01,0.4514320633312447
2018-10-02,0.3878364750012701
2018-10-03,0.15949592922912892
2018-10-04,-0.09743986894939133
2018-10-05,0.18125586495081564
2018-10-06,0.26378989036123307
2018-10-07,0.6277746818576996
2018-10-08,0.7203676434488558
2018-10-09,0.2686577047899691
2018-10-10,0.16410842979532891
2018-10-11,0.17165845002803373
2018-10-12,0.13874537219066052
2018-10-13,0.09678013348320438
2018-10-14,0.629040229183346
2018-10-15,0.8374913490883791
2018-10-16,0.05074328427557796
2018-10-17,0.07756644716858835
2018-10-18,0.40779116944012395
2018-10-19,0.026803935059115755
2018-10-20,-0.20505007293357563
2018-10-21,-0.016719652460122053
2018-10-22,0.4688292208469922
2018-10-23,0.18903513245983164
2018-10-24,-0.40073189933558584
2018-10-25,-0.30531030449370355
2018-10-26,-0.23240313417789685
2018-10-27,0.41409300950037664
2018-10-28,0.5134800917791424
2018-10-29,-0.16596931391248457
2018-10-30,0.13453905874332744
2018-10-31,-0.1680801700355261
2018-11-01,-0.26246208947931626
2018-11-02,-0.09920304355187771
2018-11-03,-0.042880756527640104
2018-11-04,-0.38056811396921475
2018-11-05,-0.31408761780586786
2018-11-06,-0.2860804198994084
2018-11-07,-0.485763202541643
2018-11-08,-0.08899996126482539
2018-11-09,-0.33140216753614715
2018-11-10,-0.23444115787143216
2018-11-11,-0.18464969660223077
2018-11-12,0.14754754720511257
2018-11-13,0.005749084482559563
2018-11-14,-0.24907361721787086
2018-11-15,-0.5608035425110087
2018-11-16,0.04546503321603736
2018-11-17,-0.3283738742011483
2018-11-18,0.06360684457977035
2018-11-19,-0.708603476444643
2018-11-20,-0.5006517630435765
2018-11-21,-0.5207138945046297
2018-11-22,-0.34439006634032066
2018-11-23,-0.3896221432941588
2018-11-24,-0.23107616101800466
2018-11-25,-0.44213269536899646
2018-11-26,-0.017332950009831954
2018-11-27,0.057847213665688
2018-11-28,0.6443687487756912
2018-11-29,0.0875975806118604
2018-11-30,-0.09021639434689326
2018-12-01,-0.18830494673661813
2018-12-02,0.2518846699966564
2018-12-03,0.1734541464673114
2018-12-04,-0.07448735545322659
2018-12-05,-0.2903102486784743
2018-12-06,-0.20823665329950664
2018-12-07,-0.676792025500428
2018-12-08,-0.5969375915063221
2018-12-09,-0.05455820671287477
2018-12-10,-0.12910345781390475
2018-12-11,0.1336776579701496
2018-12-12,-0.12652922408810552
2018-12-13,-0.7772646102644463
2018-12-14,-0.7225893469419565
2018-12-15,-0.9992925171760847
2018-12-16,-0.9382240403812147
2018-12-17,-0.7270172284098727
2018-12-18,-1.8587750232925546
2018-12-19,-1.9936145213252412
2018-12-20,-2.6995894542705976
2018-12-21,-1.2436699929821466
2018-12-22,-1.5428712648445395
2018-12-23,-1.4425878493435638
2018-12-24,-2.8372062862058365
2018-12-25,-1.3555647281999674
2018-12-26,-1.023032798135621
2018-12-27,-2.634528477732266
2018-12-28,-1.3607905992385405
2018-12-29,-0.8745004333773911
2018-12-30,-1.2349721384537526
2018-12-31,-0.498916734813179
2019-01-01,-0.9449816062437636
2019-01-02,-0.8943378351378279
2019-01-03,-2.1361979095956087
2019-01-04,-1.5680774935658837
2019-01-05,-1.225291501037097
2019-01-06,-1.2138654693021516
2019-01-07,-0.9744648717541223
2019-01-08,-0.9535925973192407
2019-01-09,-0.6544858044294182
2019-01-10,-0.8275575071358721
2019-01-11,-1.0747984378140427
2019-01-12,-0.9989037387971618
2019-01-13,-0.7991189084840117
2019-01-14,-0.46815581754566415
2019-01-15,-0.48682536949688054
2019-01-16,-0.23498103059758926
2019-01-17,-0.48219954859281194
2019-01-18,-0.7497187314991878
2019-01-19,-1.1977914304774484
2019-01-20,-0.7817141512021448
2019-01-21,-0.35607210217553137
2019-01-22,-0.3065797316870862
2019-01-23,-0.5711833338389125
2019-01-24,0.1481107763484539
2019-01-25,-0.10834531655842607
2019-01-26,-0.38339196524315583
2019-01-27,-0.3103998818872637
2019-01-28,0.11107494643942206
2019-01-29,0.22514222047733667
2019-01-30,-0.12336870807849956
2019-01-31,-0.18006797735591676
2019-02-01,-0.0486057815228116
2019-02-02,-0.162503842516726
2019-02-03,-0.6135722902630509
2019-02-04,-0.7889837504255446
2019-02-05,-0.22779023061992282
2019-02-06,-0.37429090334992243
2019-02-07,0.004168478392163812
2019-02-08,0.38141095614993603
2019-02-09,0.13816946884207815
2019-02-10,0.2449369629706879
2019-02-11,0.38380791188725877
2019-02-12,0.26926116503736036
2019-02-13,0.44190345884886617
2019-02-14,0.4205565159161229
2019-02-15,0.6006028130410292
2019-02-16,-0.03311444359014137
2019-02-17,0.1136651182684197
2019-02-18,0.42822511915502304
2019-02-19,0.571039360172078
2019-02-20,0.10915072747014398
2019-02-21,0.1922666696936946
2019-02-22,0.5131509941933377
2019-02-23,0.1384324948366143
2019-02-24,0.42130563258276
2019-02-25,0.37453665434536765
2019-02-26,0.3276393714109489
2019-02-27,-0.04010309435941456
2019-02-28,-0.0678845527873907
2019-03-01,-0.2127605758348337
2019-03-02,-0.17455057900836377
2019-03-03,0.12048248084771991
2019-03-04,0.5274922016942979
2019-03-05,0.3908118034813344
2019-03-06,0.3066905904903755
2019-03-07,0.19879661588691072
2019-03-08,-0.16849307486527876
2019-03-09,0.08138910446882013
2019-03-10,-0.10952095393655242
2019-03-11,0.047908162481083594
2019-03-12,0.03791947879682567
2019-03-13,-0.5922040511183619
2019-03-14,-0.4391286543157211
2019-03-15,-0.4947512071892276
2019-03-16,-0.41185808565728366
2019-03-17,-0.217282735430184
2019-03-18,0.2100314133448548
2019-03-19,0.25822075589091603
2019-03-20,-0.36228970107965636
2019-03-21,-0.051263650652301956
2019-03-22,-0.16810199014251304
2019-03-23,-0.2780075551068809
2019-03-24,-0.06513557244676307
2019-03-25,0.39130983214916215
2019-03-26,0.06899687774675423
2019-03-27,-0.07285308795496562
2019-03-28,-0.3371327785395152
2019-03-29,0.24877668676746945
2019-03-30,0.21116591477306296
2019-03-31,0.10478743106669047
2019-04-01,0.09619311813719766
2019-04-02,-0.05149765930788916
2019-04-03,-0.10285272331262713
2019-04-04,-0.08537000612010426
2019-04-05,0.01341472178172972
2019-04-06,-0.210506942354216
2019-04-07,-0.005737247755216279
2019-04-08,0.19557815999811687
2019-04-09,0.06835893728807776
2019-04-10,-0.41397934844840123
2019-04-11,-0.5063216312681393
2019-04-12,-0.4422953112870808
2019-04-13,-0.34138711641387687
2019-04-14,-0.36814612968652854
2019-04-15,-0.008743989493412471
2019-04-16,-0.24919422773736402
2019-04-17,-0.5109720682073242
2019-04-18,-0.4183347010504478
2019-04-19,-0.6911066663606519
2019-04-20,-0.4379630108008522
2019-04-21,-0.39747731074461956
2019-04-22,-0.011612468210224908
2019-04-23,-0.174987551642649
2019-04-24,-0.2768128177856437
2019-04-25,-0.7010117063613763
2019-04-26,-0.3331452113775404
2019-04-27,-0.3331197818838263
2019-04-28,-0.10679904952346081
2019-04-29,0.09906535965907642
2019-04-30,-0.24067059284492523
2019-05-01,-0.47087578739081715
2019-05-02,-0.32408832125245013
2019-05-03,-0.8587395383608151
2019-05-04,-0.8716102125652865
2019-05-05,-0.4353960554383098
2019-05-06,-0.20197287255210922
2019-05-07,-0.3599449492772229
2019-05-08,-0.7008861087693197
2019-05-09,-0.5957819033639895
2019-05-10,-0.6264615944456846
2019-05-11,-0.7403012703062182
2019-05-12,-0.15852432961014795
2019-05-13,0.07378073626344892
2019-05-14,-0.23373551938293735
2019-05-15,-0.48907105561049
2019-05-16,-0.4071807489710416
2019-05-17,-0.8672747750429384
2019-05-18,-0.8599692458173778
2019-05-19,-0.5506901792530027
2019-05-20,-0.2898335115770591
2019-05-21,-0.324629603685049
2019-05-22,-1.6825981405691222
2019-05-23,-0.6038469087755796
2019-05-24,-1.2665288770819063
2019-05-25,-0.6219483958137666
2019-05-26,-0.9985411082893364
2019-05-27,-0.7197030767848606
2019-05-28,-1.0398215480069914
2019-05-29,-1.024912646135466
2019-05-30,-0.6292084924109358
2019-05-31,-0.8204076074059423
2019-06-01,-1.0636917450878174
2019-06-02,-0.7498893762268717
2019-06-03,-0.8596539971542437
2019-06-04,-0.6965998883744154
2019-06-05,-0.6282756239376761
2019-06-06,-0.7361989882355352
2019-06-07,-0.7854776071998594
2019-06-08,-1.1576746759433552
2019-06-09,-1.1021116255470487
2019-06-10,-0.38294859477202625
2019-06-11,-0.500992199048506
2019-06-12,-0.707599203143342
2019-06-13,-0.7166075245004266
2019-06-14,-0.5703375895797379
2019-06-15,-0.6817075190671101
2019-06-16,-0.7047115854131107
2019-06-17,-1.081079712685145
2019-06-18,-0.8364937645446349
2019-06-19,-0.7133618206703509
2019-06-20,-0.5391045245899911
2019-06-21,-0.44108761998964174
2019-06-22,-0.5586958941523137
2019-06-23,-0.7567180659460266
2019-06-24,-0.812071161782093
2019-06-25,-0.6841925008925964
2019-06-26,-0.5396885067538861
2019-06-27,-0.45363097425591764
2019-06-28,-0.7375566147514211
2019-06-29,-0.9670042204385183
2019-06-30,-0.6011891446014942
2019-07-01,-0.3141918473224735
2019-07-02,-0.9262220499235538
2019-07-03,-0.8023284885295123
2019-07-04,-0.6208989601112734
2019-07-05,-0.45861225112821286
2019-07-06,-1.0717687304064054
2019-07-07,-0.4173597972771801
2019-07-08,-0.29719214469977195
2019-07-09,-0.8988474374805373
2019-07-10,-0.8095443086206111
2019-07-11,-0.6692259997642996
2019-07-12,-0.6635411685986214
2019-07-13,-0.9924458964527058
2019-07-14,-0.7992756617311304
2019-07-15,-0.9036665627182722
2019-07-16,-0.7205118978070453
2019-07-17,-0.74123212331178
2019-07-18,-0.8377837605810907
2019-07-19,-0.618527269790399
2019-07-20,-0.7622244118681321
2019-07-21,-0.7248768338639571
2019-07-22,-0.9247685094069782
2019-07-23,-1.1379060124541818
2019-07-24,-1.1613246755881277
2019-07-25,-1.216656575930547
2019-07-26,-0.7476845821384733
2019-07-27,-0.9409827904840202
2019-07-28,-1.287205854319815
2019-07-29,-0.763951525831585
2019-07-30,-0.9262630706160059
2019-07-31,-0.9793630891264657
2019-08-01,-1.0120565396106942
2019-08-02,-1.2734888060053158
2019-08-03,-1.220030973368344
2019-08-04,-1.049200717339794
2019-08-05,-0.6978001107206476
2019-08-06,-0.6700899062800606
2019-08-07,-1.1059727343673609
2019-08-08,-0.9731524379797578
2019-08-09,-0.5916994870075611
2019-08-10,-1.0779216765081634
2019-08-11,-0.7544300863254996
2019-08-12,-0.8051198700902926
2019-08-13,-0.7203027796534844
2019-08-14,-0.854865857291935
2019-08-15,-0.7612373746343912
2019-08-16,-0.6271001174321366
2019-08-17,-1.0481073224075632
2019-08-18,-0.8719481890223211
2019-08-19,-0.7802568537127191
2019-08-20,-0.7940062179201764
2019-08-21,-0.7420681920543055
2019-08-22,-0.8826975519836525
2019-08-23,-0.3948924600206122
2019-08-24,-0.19147725546372332
2019-08-25,-0.09949396270392927
2019-08-26,-0.011141572616428924
2019-08-27,0.3009285809221105
2019-08-28,0.1038672036673694
2019-08-29,-0.13993308546888394
2019-08-30,-0.14509953746687249
2019-08-31,-0.3102390920584339
2019-09-01,0.05922872930705303
2019-09-02,0.4911693802653432
2019-09-03,0.6895943841588119
2019-09-04,0.6234956887542398
2019-09-05,-0.008472119169489416
2019-09-06,0.5970409130031606
2019-09-07,0.4575580700616121
2019-09-08,0.6223678117372556
2019-09-09,0.4687526659781168
2019-09-10,0.39829626052408096
2019-09-11,0.2725149180919514
2019-09-12,0.5198001908049334
2019-09-13,0.5723715558063134
2019-09-14,0.47288725814683585
2019-09-15,0.8825652495861834
2019-09-16,1.1831318317644304
2019-09-17,1.1791888125906982
2019-09-18,0.8522393595311283
2019-09-19,0.8465630771093151
2019-09-20,1.1101061530700247
2019-09-21,0.8941804663754771
2019-09-22,1.0103747574689206
2019-09-23,0.8546940400849766
2019-09-24,0.7662970736073074
2019-09-25,0.7090446727585739
2019-09-26,0.34468250559482333
2019-09-27,0.5099781243935052
2019-09-28,-0.1502396728242228
2019-09-29,0.4584745159121319
2019-09-30,0.06192655747942149
2019-10-01,-0.23147564700196946
2019-10-02,-0.40984729550909477
2019-10-03,-0.1685546370093247
2019-10-04,0.2085035518385086
2019-10-05,0.03166792031805883
2019-10-06,0.3815757610538096
2019-10-07,0.4265769647506824
2019-10-08,0.11978869509569576
2019-10-09,-0.18520926798302373
2019-10-10,-0.01346944286717204
2019-10-11,0.4207013495221991
2019-10-12,0.24439842206766077
2019-10-13,0.10311411488510566
2019-10-14,0.35096993494267287
2019-10-15,0.6884067995063443
2019-10-16,0.3156107220577102
2019-10-17,0.7702655677147987
2019-10-18,0.6008016869413989
2019-10-19,0.5717201004461676
2019-10-20,0.6294919072802796
2019-10-21,0.9523590568785136
2019-10-22,0.6337247591211747
2019-10-23,0.34059392566110147
2019-10-24,0.3896772259721968
2019-10-25,0.15906606007585827
2019-10-26,0.2612275427139981
2019-10-27,0.42934801769108816
2019-10-28,0.8153128032102639
2019-10-29,0.6404207373518352
2019-10-30,0.6682132393445264
2019-10-31,0.6664517807174138
2019-11-01,0.5978650807045842
2019-11-02,0.5352124322056853
2019-11-03,0.3211370364733104
2019-11-04,0.37445199793100314
2019-11-05,0.36553520620373137
2019-11-06,0.006442292030719582
2019-11-07,-0.003507224798447117
2019-11-08,-0.08408901293081546
2019-11-09,0.16550453304275348
2019-11-10,0.07790516694491195
2019-11-11,0.26952769223397965
2019-11-12,-0.24593510028216797
2019-11-13,-0.34621591501478644
2019-11-14,-0.12841089101927125
2019-11-15,-0.09443410380934361
2019-11-16,-0.24636329186051703
2019-11-17,0.1649921161351572
2019-11-18,0.09115304607668519
2019-11-19,-0.03264760226427227
2019-11-20,-0.1040657947865855
2019-11-21,-0.24538993562386885
2019-11-22,-0.3461592459416534
2019-11-23,-0.283152449517799
2019-11-24,-0.2682922987668515
2019-11-25,-0.6013730765891161
2019-11-26,-0.6253188668232338
2019-11-27,-0.5061504782181936
2019-11-28,-0.5673001488593322
2019-11-29,-0.57325907891516
2019-11-30,-0.253710027971393
2019-12-01,0.16860914715944586
2019-12-02,0.2560993017382619
2019-12-03,0.512444752616845
2019-12-04,0.41006574490265113
2019-12-05,0.3289552566661507
2019-12-06,-0.30128093416891333
2019-12-07,-0.4020059185301859
2019-12-08,-0.21955718734517632
2019-12-09,0.15967528524362257
2019-12-10,0.07427784974769326
2019-12-11,-0.1888739075574093
2019-12-12,-0.2724434019438575
2019-12-13,-0.2676770275828189
2019-12-14,-0.5919987481623603
2019-12-15,-0.3484200648327286
2019-12-16,-0.5795306402582686
2019-12-17,-0.47580442596200034
2019-12-18,-0.10515761543007643
2019-12-19,-0.5525584004095946
2019-12-20,-0.9187580434077558
2019-12-21,-2.06612673962672
2019-12-22,-0.6530105096994481
2019-12-23,-1.0926000141697452
2019-12-24,-1.1347200716263544
2019-12-25,-0.6044457929139987
2019-12-26,-0.6523995291334258
2019-12-27,-0.7912554886164402
2019-12-28,-2.0443565934269667
2019-12-29,-0.9254499787472925
2019-12-30,-0.656106644385407
2019-12-31,-0.3817174114540807
2020-01-01,-0.5385771501611207
2020-01-02,-0.3276419831019066
2020-01-03,-0.23452822742715765
2020-01-04,-0.5322582223663477
2020-01-05,-0.4217238450460264
2020-01-06,-0.45233320585421194
2020-01-07,-0.6031073367411023
2020-01-08,-0.6256756020080545
2020-01-09,-0.7346113326770244
2020-01-10,-0.7608754857293311
2020-01-11,-1.4241242925470357
2020-01-12,-0.9130106126221706
2020-01-13,-0.0944578874990617
2020-01-14,-0.5449788980912638
2020-01-15,-0.9059031368864914
2020-01-16,-1.2485544103657773
2020-01-17,-1.0356677496465405
2020-01-18,-0.9415240492261957
2020-01-19,-0.45373623296741017
2020-01-20,0.07378618361880432
2020-01-21,-0.1931871839770457
2020-01-22,-0.31236293040604085
2020-01-23,-0.6082866392586086
2020-01-24,-0.37683992675455635
2020-01-25,-0.7721137417307136
2020-01-26,-0.6686192426176043
2020-01-27,-0.15104492405115333
2020-01-28,0.1929194457918052
2020-01-29,0.04497628550819388
2020-01-30,-0.013646673352619803
2020-01-31,0.004946115580985094
2020-02-01,0.2173500493351183
2020-02-02,0.04310366035116282
2020-02-03,0.41721941364010123
2020-02-04,0.6843499212619873
2020-02-05,0.49475542279814183
2020-02-06,0.22180975073401263
2020-02-07,0.3603649410592338
2020-02-08,0.2509511388316218
2020-02-09,0.7760252249882896
2020-02-10,0.7170776733993759
2020-02-11,0.6232779588904741
2020-02-12,0.5585550123235109
2020-02-13,0.27122915404813663
2020-02-14,0.44663385429184704
2020-02-15,0.3662790646507072
2020-02-16,0.6481272218600929
2020-02-17,0.7249271061119964
2020-02-18,1.139641599802819
2020-02-19,1.0386994504241651
2020-02-20,1.2850962604741234
2020-02-21,1.499163541896964
2020-02-22,0.9759203584851817
2020-02-23,0.8986710893837353
2020-02-24,1.6009827462586848
2020-02-25,1.561335077354783
2020-02-26,1.4133528338302102
2020-02-27,1.7614881484922054
2020-02-28,1.6285811092347513
2020-02-29,1.1949025957502029
2020-03-01,1.3654857134933829
2020-03-02,1.9116954196669431
2020-03-03,1.2406125995094421
2020-03-04,1.2435365589751182
2020-03-05,1.0698243126669658
2020-03-06,0.9563012046036217
2020-03-07,0.9690253762136432
2020-03-08,1.030543379881177
2020-03-09,1.5706030223505318
2020-03-10,1.4768202357370506
2020-03-11,1.218102799735966
2020-03-12,1.0988226128179446
2020-03-13,0.7928937305101019
2020-03-14,0.3315230274364104
2020-03-15,0.7159331109714996
2020-03-16,1.2760783062288654
2020-03-17,0.9553093428164863
2020-03-18,0.7710320940223181
2020-03-19,0.3465084487192255
2020-03-20,0.555239273376696
2020-03-21,0.3707061678465221
2020-03-22,0.5698279161800834
2020-03-23,0.9193332211940854
2020-03-24,0.9426749618984512
2020-03-25,0.9892828350878091
2020-03-26,0.895999946253556
2020-03-27,0.9713588603860197
2020-03-28,0.5003548752326785
2020-03-29,0.7725951919072411
2020-03-30,1.3758196587031677
2020-03-31,1.3051803413336551
2020-04-01,1.3113511957402826
2020-04-02,0.9752017271783873
2020-04-03,1.2847054356913636
2020-04-04,1.0983213410166839
2020-04-05,1.4718691966770874
2020-04-06,1.3659642108693668
2020-04-07,1.7869849363274954
2020-04-08,1.2141603371283463
2020-04-09,1.2695999205951116
2020-04-10,0.6889087588972865
2020-04-11,0.625755692557479
2020-04-12,0.9781022676772708
2020-04-13,1.3836166750281262
2020-04-14,1.044271719128909
2020-04-15,0.7621090024771145
2020-04-16,0.9941731405423577
2020-04-17,0.8628965695110152
2020-04-18,0.812973982980048
2020-04-19,0.8247632629879378
2020-04-20,1.3091075653734203
2020-04-21,1.432068568048847
2020-04-22,1.3203876173401512
2020-04-23,1.0587953178241816
2020-04-24,0.8918080787399696
2020-04-25,0.9584305775186578
2020-04-26,1.083566050342179
2020-04-27,1.3308737611399266
2020-04-28,1.3535753113016074
2020-04-29,1.24349220732815
2020-04-30,1.184454658925179
2020-05-01,0.9742770576171009
2020-05-02,1.2224101193510435
2020-05-03,1.0711836144899758
2020-05-04,1.4959325574005649
2020-05-05,1.5486684369167796
2020-05-06,1.2431085223674367
2020-05-07,0.8749087277775617
2020-05-08,0.84577373997108
2020-05-09,0.828713954131551
2020-05-10,0.9120318526905161
2020-05-11,1.2549225277564702
2020-05-12,1.2561439216588646
2020-05-13,1.4701524136394148
2020-05-14,1.2472656095507204
2020-05-15,0.8463841504967271
2020-05-16,0.7774277854706543
2020-05-17,0.784394035008764
2020-05-18,1.1587972324924012
2020-05-19,0.9416549169177169
2020-05-20,0.7657168257509275
2020-05-21,0.503315671244696
2020-05-22,0.45694200863597245
2020-05-23,0.2688953717798077
2020-05-24,0.5547269474413359
2020-05-25,0.5682923933788671
2020-05-26,0.8313966049962582
2020-05-27,0.5244064665466814
2020-05-28,0.30492133392092613
2020-05-29,0.8283520717449842
2020-05-30,0.45672148853741323
2020-05-31,0.9349086105913086
2020-06-01,0.5327908592831463
2020-06-02,0.7477809610524457
2020-06-03,0.6350480127602829
2020-06-04,0.7298414937234801
2020-06-05,0.8551380835053866
2020-06-06,0.6537870428010217
2020-06-07,0.8951800655169744
2020-06-08,1.1675411664714832
2020-06-09,1.0540682470534846
2020-06-10,0.8804800023979372
2020-06-11,0.9927009684620005
2020-06-12,0.7611666158171775
2020-06-13,0.5270002813886179
2020-06-14,0.8442992069008299
2020-06-15,0.856215961482635
2020-06-16,0.6956192371447005
2020-06-17,0.9952275916171744
2020-06-18,1.0471274565996542
2020-06-19,0.6618171388203071
2020-06-20,0.6914091195857567
2020-06-21,0.6293654112807687
2020-06-22,0.6938329806571857
2020-06-23,0.8729833085695023
2020-06-24,1.0874210953351697
2020-06-25,0.5573117956217013
2020-06-26,0.3450186804014843
2020-06-27,0.6155305347936129
2020-06-28,0.4374628672704384
2020-06-29,0.7490006586609361
2020-06-30,0.7888515041751001
2020-07-01,0.865773682181177
2020-07-02,0.7934698317220309
2020-07-03,0.6137221878724634
2020-07-04,0.6094971888319995
2020-07-05,0.9810500863601006
2020-07-06,1.2805272295996717
2020-07-07,1.0113807124112368
2020-07-08,0.7310739766394159
2020-07-09,1.1834300918063383
2020-07-10,0.693898887933368
2020-07-11,0.5599881399483438
2020-07-12,0.570648360877376
2020-07-13,0.7586671322975103
2020-07-14,0.5656867201485642
2020-07-15,0.8152032590974536
2020-07-16,0.7484851433691407
2020-07-17,0.9528350282352901
2020-07-18,0.6882795709420315
2020-07-19,0.5820811232978161
2020-07-20,0.8596394411084566
2020-07-21,1.2113262490542405
2020-07-22,1.1439489374850884
2020-07-23,1.129123364737216
2020-07-24,1.297227094776512
2020-07-25,0.9768269391977903
2020-07-26,1.0220207954305751
2020-07-27,1.2354388486497556
2020-07-28,1.3424090257990262
2020-07-29,1.2071404936668952
2020-07-30,1.4095397916033159
2020-07-31,1.3326698547956486
2020-08-01,1.1111024920445913
2020-08-02,1.0006639136361537
2020-08-03,1.101081746041798
2020-08-04,1.3896352679707265
2020-08-05,1.6190418807784466
2020-08-06,1.6090465199323445
2020-08-07,1.5930752303813933
2020-08-08,1.3393780120203944
2020-08-09,1.7549456376176709
2020-08-10,1.5396175829969487
2020-08-11,1.5365521824202943
2020-08-12,1.3499909336453317
2020-08-13,0.8564186199722927
2020-08-14,0.8818679697986882
2020-08-15,0.7917359230376567
2020-08-16,0.794001645860714
2020-08-17,1.0806235967352296
2020-08-18,0.8380598531406778
2020-08-19,0.4022441146035896
2020-08-20,0.20925924167570323
2020-08-21,0.8141398897242382
2020-08-22,0.2765542704030344
2020-08-23,0.9871450992981093
2020-08-24,1.0068638040411513
2020-08-25,1.0074705825376558
2020-08-26,1.1178867474979244
2020-08-27,1.3873624473260517
2020-08-28,1.4976136411832375
2020-08-29,1.3544445015408073
2020-08-30,1.3643008535461791
2020-08-31,1.6261164423805279
2020-09-01,1.5257914089665097
2020-09-02,1.6278319788838589
2020-09-03,1.7873304257288691
2020-09-04,1.5830908892387827
2020-09-05,1.3170901298615045
2020-09-06,1.3517769258467538
2020-09-07,1.6171689434793965
2020-09-08,1.5167358335853647
2020-09-09,1.8084242005984115
2020-09-10,1.9290369529841718
2020-09-11,1.976382384589196
2020-09-12,1.8925020832895187
2020-09-13,2.159828024590978
2020-09-14,2.1076031281849197
2020-09-15,1.880648061471368
2020-09-16,1.8056288259738449
2020-09-17,2.1751182489406156
2020-09-18,2.1488400672688313
2020-09-19,1.9084052183433362
2020-09-20,1.8411570130078523
2020-09-21,2.082969615511485
2020-09-22,2.1239437309214084
2020-09-23,1.9828018714994036
2020-09-24,1.7421851650819686
2020-09-25,1.865414850841049
2020-09-26,1.8196326228900115
2020-09-27,1.6047690482055734
2020-09-28,1.8049024726532072
2020-09-29,1.5640892611809991
2020-09-30,1.2692752989553635
2020-10-01,1.24475780446733
2020-10-02,1.163885003713312
2020-10-03,1.7550413079824914
2020-10-04,1.5886248229557933
2020-10-05,2.1595923527954364
2020-10-06,1.8136203998174247
2020-10-07,1.8341805891578085
2020-10-08,2.008210237744306
2020-10-09,2.2490794737703665
2020-10-10,1.8008554261101226
2020-10-11,1.6623996928859355
2020-10-12,2.0931641095810622
2020-10-13,1.629029686370562
2020-10-14,1.610461373341645
2020-10-15,1.5420722769388335
2020-10-16,1.5491455049706433
2020-10-17,1.4350112044114791
2020-10-18,1.5710047285097284
2020-10-19,1.7240554958070111
2020-10-20,1.5965930887705242
2020-10-21,1.4085272693451343
2020-10-22,1.2460249047369334
2020-10-23,1.292450510860907
2020-10-24,1.1418717411078119
2020-10-25,1.3981234626113621
2020-10-26,1.8195477968563505
2020-10-27,1.576246152822042
2020-10-28,1.5865475001985143
2020-10-29,1.4210265726980964
2020-10-30,1.223177446753085
2020-10-31,1.3308709832559271
2020-11-01,1.3720849525042826
2020-11-02,1.7202318006883492
2020-11-03,1.4291533492946942
2020-11-04,1.8680594081555946
2020-11-05,1.6555617045369475
2020-11-06,1.5138304178865711
2020-11-07,1.523417905310288
2020-11-08,1.966777570831943
2020-11-09,2.2207686861520943
2020-11-10,1.7667433586891867
2020-11-11,1.7438933200180384
2020-11-12,1.9059157450614275
2020-11-13,1.4845958769629588
2020-11-14,1.48177468247887
2020-11-15,1.5744111263977874
2020-11-16,1.873351037296241
2020-11-17,1.7034372151086208
2020-11-18,1.850415659674796
2020-11-19,1.846921519605972
2020-11-20,1.4325000571258226
2020-11-21,1.4660257435747401
2020-11-22,1.3404807890641401
2020-11-23,1.75397990547366
2020-11-24,1.303000216142845
2020-11-25,1.343199262307469
2020-11-26,1.853790180057854
2020-11-27,1.3883944155679993
2020-11-28,1.6223398357175092
2020-11-29,1.904044496051026
2020-11-30,1.8914085828895917
2020-12-01,1.6281755828236153
2020-12-02,1.6060189743212983
2020-12-03,2.1812637634196355
2020-12-04,2.142907616619213
2020-12-05,1.733063941732876
2020-12-06,1.7430748721172957
2020-12-07,2.159649078113559
2020-12-08,1.926052959051013
2020-12-09,1.9839696192240224
2020-12-10,1.4283396657163885
2020-12-11,1.966048164850271
2020-12-12,1.7819044272590898
2020-12-13,1.8650668631704954
2020-12-14,2.095770629336088
2020-12-15,2.2409474820994486
2020-12-16,1.9669753399414918
2020-12-17,1.8053901297223671
2020-12-18,1.745950985322974
2020-12-19,1.8091678496087429
2020-12-20,1.4070849033240425
2020-12-21,1.5808326247669473
2020-12-22,1.1606438703300603
2020-12-23,0.8508286460315478
2020-12-24,0.7282402556830969
2020-12-25,0.8684389795673664
2020-12-26,1.1171836081049682
2020-12-27,1.2007579184345507
2020-12-28,0.9143608540388071
2020-12-29,1.07339717546193
2020-12-30,1.1219378376704026
2020-12-31,0.9409070589349134
2021-01-01,0.9354612173791178
2021-01-02,1.7841460869542536
2021-01-03,1.8360893168215553
2021-01-04,2.0443348861595605
2021-01-05,1.767583230875681
2021-01-06,1.8120270266003113
2021-01-07,1.576738504122622
2021-01-08,1.7497720149764335
2021-01-09,1.7035675211988208
2021-01-10,1.7189278004688857
2021-01-11,2.013909537593146
2021-01-12,1.6422676435521806
2021-01-13,1.8054010731527432
2021-01-14,1.957678339859289
2021-01-15,1.8560377419048113
2021-01-16,1.3583327606482771
2021-01-17,1.5850165582147973
2021-01-18,1.8379711820556943
2021-01-19,1.8670393804178336
2021-01-20,1.7867890138131957
2021-01-21,2.0727459792759233
2021-01-22,2.1058640542954663
2021-01-23,2.0311446530741057
2021-01-24,1.864209605978506
2021-01-25,2.416090656053005
2021-01-26,1.983332467270266
2021-01-27,1.9793935753871075
2021-01-28,2.1340771355362884
2021-01-29,2.497599612832963
2021-01-30,2.37559851935068
2021-01-31,2.3941841505495436
2021-02-01,2.6119626307618
2021-02-02,2.500900326947082
2021-02-03,2.1335002019898583
2021-02-04,2.1269265031744684
2021-02-05,1.790838955875465
2021-02-06,1.7638276165896853
2021-02-07,1.4128695772466642
2021-02-08,1.7147891485766467
2021-02-09,1.734787160453584
2021-02-10,1.8197709515365899
2021-02-11,1.068495428307236
2021-02-12,1.2905888766744074
2021-02-13,1.5270690105606097
2021-02-14,1.9362995782768317
2021-02-15,2.423183085599764
2021-02-16,2.438756253753836
2021-02-17,2.6252261349118604
2021-02-18,3.1713283352573205
2021-02-19,3.703317969495255
2021-02-20,3.6601387149438835
2021-02-21,3.5152601628737288
2021-02-22,3.6881137399736064
2021-02-23,3.343330168860239
2021-02-24,3.1502399014327063
2021-02-25,3.466109891097754
2021-02-26,3.461920193696207
2021-02-27,3.5578814768856937
2021-02-28,3.7119598353741505
2021-03-01,3.7175953343788732
2021-03-02,3.254605370327971
2021-03-03,2.851507477630135
2021-03-04,2.9068504588453172
2021-03-05,2.9415272828479586
2021-03-06,2.798787844449959
2021-03-07,2.8568739902833014
2021-03-08,3.3256210794934487
2021-03-09,3.014738681681861
2021-03-10,2.6773630878657
2021-03-11,2.4257473830087704
2021-03-12,2.506181562967834
2021-03-13,2.8640255898501783
2021-03-14,2.7445459018381095
2021-03-15,2.7259923428421704
2021-03-16,2.8197248187216406
2021-03-17,2.485672163598146
2021-03-18,2.4712194006178785
2021-03-19,2.3392833739710137
2021-03-20,2.3031740887184173
2021-03-21,2.126120141099715
2021-03-22,2.554194780955267
2021-03-23,2.595356412373804
2021-03-24,2.6096915584427864
2021-03-25,2.424057861657003
2021-03-26,2.473233505934041
2021-03-27,2.38592823587673
2021-03-28,2.3156726630253655
2021-03-29,2.6597208162344037
2021-03-30,2.1256859711683114
2021-03-31,1.7863548590422913
2021-04-01,1.9622358947507454
2021-04-02,1.8139563740039237
2021-04-03,1.9616930477749677
2021-04-04,2.093664012117544
2021-04-05,2.3440442258639846
2021-04-06,1.7161520484777166
2021-04-07,1.4976656895649314
2021-04-08,1.831347654602056
2021-04-09,1.6344959988514947
2021-04-10,1.6317138592799267
2021-04-11,2.0860685745957595
2021-04-12,2.076223435135782
2021-04-13,1.7944406086895006
2021-04-14,1.8673739077160647
2021-04-15,1.8477273657120767
2021-04-16,1.888714633418862
2021-04-17,2.2146664912641776
2021-04-18,2.265000120272509
2021-04-19,2.6587121203918134
2021-04-20,2.2477930483331625
2021-04-21,2.0235831011720538
2021-04-22,2.295909922902492
