date,open,ICPI,open_norm,ICPI_norm
2016-04-01,2140.0,-0.24608387519119146,0.06717557251908397,0.5499186360897896
2016-04-05,2263.0,0.05361518475625432,0.10473282442748091,0.5839498869887204
2016-04-06,2194.0,-0.478198805969398,0.08366412213740458,0.5235616583665821
2016-04-07,2180.0,-1.8013875524645793,0.07938931297709924,0.37331171021354004
2016-04-08,2188.0,-0.6554988764384054,0.08183206106870229,0.5034289853325493
2016-04-11,2201.0,-0.081090321187609,0.08580152671755725,0.5686538868242658
2016-04-12,2302.0,-0.3616385984143676,0.1166412213740458,0.5367972343101044
2016-04-13,2351.0,-0.7865391346280044,0.1316030534351145,0.4885491792194007
2016-04-14,2355.0,-0.54563829621768,0.13282442748091602,0.5159038091443064
2016-04-15,2320.0,-0.44161221569580855,0.12213740458015267,0.5277161172873248
2016-04-18,2287.0,-0.04944240267179251,0.11206106870229007,0.572247552602295
2016-04-19,2397.0,-0.5947933060788815,0.14564885496183205,0.5103221884551414
2016-04-20,2501.0,-1.8837415289516168,0.17740458015267174,0.3639603000461325
2016-04-21,2612.0,-0.7729377812672891,0.21129770992366412,0.49009363207442364
2016-04-22,2735.0,-0.14854191975603745,0.24885496183206107,0.5609946626851621
2016-04-25,2608.0,-0.3674508350859595,0.2100763358778626,0.5361372466395071
2016-04-26,2607.0,-0.4538320866718578,0.20977099236641222,0.5263285337052762
2016-04-27,2550.0,-1.8779422697371984,0.19236641221374046,0.36461881410816666
2016-04-28,2503.0,-1.233295661952228,0.1780152671755725,0.4378193455163129
2016-04-29,2548.0,-0.5748901490959007,0.1917557251908397,0.5125822199984081
2016-05-03,2545.0,-0.8417745731494501,0.19083969465648856,0.482277117281117
2016-05-04,2439.0,-1.0934153631699894,0.15847328244274808,0.45370295070516636
2016-05-05,2373.0,-1.0188027756457987,0.1383206106870229,0.46217531523877364
2016-05-06,2320.0,-1.1891296184004947,0.12213740458015267,0.4428344620454929
2016-05-09,2343.0,-1.1313983561260472,0.12916030534351144,0.44938992829059293
2016-05-10,2105.0,-0.9012734693984521,0.05648854961832061,0.47552093370545173
2016-05-11,2155.0,-2.286114654907592,0.0717557251908397,0.31827026415881254
2016-05-12,2154.0,-1.1350930474232002,0.07145038167938932,0.4489703908834701
2016-05-13,2064.0,-1.4812398474679718,0.04396946564885496,0.409664933594911
2016-05-16,2022.0,-1.3881197509867191,0.03114503816793893,0.4202388518702698
2016-05-17,2058.0,-1.5966450865506456,0.04213740458015267,0.39656050595018555
2016-05-18,2109.0,-1.0730944910359594,0.057709923664122136,0.4560104143929054
2016-05-19,2050.0,-1.246109262920055,0.03969465648854962,0.43636434305640737
2016-05-20,2030.0,-1.5825705100299163,0.03358778625954199,0.39815869396237724
2016-05-23,2065.0,-1.4121383730724981,0.044274809160305344,0.4175115034608652
2016-05-24,1945.0,-1.621827683611475,0.007633587786259542,0.393700986540902
2016-05-25,1963.0,-2.8371382443308386,0.013129770992366412,0.2557007585147835
2016-05-26,1920.0,-1.4250029869628564,0.0,0.4160507084116667
2016-05-27,1965.0,-2.912712109255083,0.013740458015267175,0.24711923957678666
2016-05-30,2033.0,-1.1987285206338993,0.03450381679389313,0.4417444931603166
2016-05-31,1985.0,-1.5991389803631484,0.01984732824427481,0.3962773207908345
2016-06-01,1975.0,-1.8377327806730723,0.016793893129770993,0.3691846582956627
2016-06-02,1940.0,-1.6976745292897029,0.0061068702290076335,0.3850884702533271
2016-06-03,1952.0,-1.7554138902950243,0.009770992366412214,0.3785320843859153
2016-06-06,2009.0,-2.0830337572509525,0.02717557251908397,0.3413303864766639
2016-06-07,2065.0,-1.463714510958198,0.044274809160305344,0.4116549602701929
2016-06-08,2076.0,-1.7311344546109166,0.04763358778625954,0.38128904854721496
2016-06-13,2092.0,-1.1281945695688789,0.05251908396946565,0.4497537227722064
2016-06-14,2170.0,-1.0937007373910352,0.07633587786259542,0.4536705460599259
2016-06-15,2062.0,-0.9722703840460141,0.0433587786259542,0.4674591339258835
2016-06-16,2082.0,-0.8657201929589199,0.04946564885496183,0.4795580583831366
2016-06-17,2069.0,-1.1795174237747612,0.04549618320610687,0.44392594030056337
2016-06-20,2072.0,-1.0707252243370096,0.046412213740458015,0.45627944796776077
2016-06-21,2053.0,-1.318873768650757,0.040610687022900764,0.4281018308166545
2016-06-22,2080.0,-0.987606742029402,0.04885496183206107,0.46571766884921617
2016-06-23,2148.0,-1.4222764255231979,0.06961832061068703,0.416360313308194
2016-06-24,2153.0,-0.6033722426586725,0.07114503816793893,0.5093480381083099
2016-06-27,2125.0,-2.2674861772184207,0.06259541984732825,0.3203855540706878
2016-06-28,2268.0,-1.5830930447351148,0.10625954198473282,0.3980993594097125
2016-06-29,2264.0,-2.630029485925237,0.1050381679389313,0.27921825010085327
2016-06-30,2237.0,-1.718204825196766,0.09679389312977099,0.3827572262008263
2016-07-01,2341.0,-2.5882631656196993,0.12854961832061068,0.28396087467128767
2016-07-04,2349.0,-1.4440588650900397,0.13099236641221373,0.4138868865773262
2016-07-05,2430.0,-1.482926236998606,0.15572519083969466,0.40947344168552563
2016-07-06,2393.0,-1.376600062493318,0.14442748091603053,0.4215469287440018
2016-07-07,2370.0,-1.313556197645706,0.13740458015267176,0.4287056485032282
2016-07-08,2387.0,-1.7984598685719453,0.14259541984732824,0.3736441528482298
2016-07-11,2464.0,-1.102214780632716,0.16610687022900764,0.4527037644431508
2016-07-12,2435.0,-0.831193329674477,0.15725190839694655,0.4834786323995916
2016-07-13,2540.0,-1.5619620111740968,0.18931297709923664,0.40049881806999277
2016-07-14,2523.0,-1.2526989044783516,0.18412213740458017,0.43561607996461216
2016-07-15,2515.0,-1.6247249358670228,0.18167938931297709,0.39337199946151863
2016-07-18,2528.0,-0.9924261848028928,0.18564885496183206,0.465170414325807
2016-07-19,2354.0,-2.6088925108619576,0.13251908396946566,0.28161838342709405
2016-07-20,2304.0,-2.8165446502142517,0.11725190839694656,0.25803919016824023
2016-07-21,2309.0,-1.5988173657727847,0.11877862595419847,0.3963138405811179
2016-07-22,2390.0,-1.4225038573664623,0.1435114503816794,0.41633448810166224
2016-07-25,2311.0,-0.885204163626505,0.11938931297709923,0.47734562603712827
2016-07-26,2350.0,-1.3324689344838065,0.13129770992366413,0.42655808056412386
2016-07-27,2377.0,-2.19063673357072,0.13954198473282442,0.32911191677158097
2016-07-28,2421.0,-0.8631408877195471,0.1529770992366412,0.47985094213045765
2016-07-29,2475.0,-0.8712906006492374,0.16946564885496182,0.4789255307343953
2016-08-01,2420.0,-0.9336541096712153,0.15267175572519084,0.4718440663386217
2016-08-02,2500.0,-1.4564247122388498,0.17709923664122137,0.41248272719500184
2016-08-03,2517.0,-1.9521408558823374,0.18229007633587788,0.35619346001498414
2016-08-04,2495.0,-4.787126351394153,0.17557251908396945,0.03427685904362939
2016-08-05,2461.0,-4.838446890762678,0.16519083969465648,0.028449339425032652
2016-08-08,2538.0,-2.7992604514638657,0.18870229007633588,0.260001835310886
2016-08-09,2607.0,-2.0318209465105093,0.20977099236641222,0.34714567335762075
2016-08-10,2580.0,-2.7065070678172933,0.2015267175572519,0.27053411282672074
2016-08-11,2587.0,-2.3646827347685972,0.2036641221374046,0.3093487478922418
2016-08-12,2580.0,-5.088988380028828,0.2015267175572519,0.0
2016-08-15,2561.0,-1.747745758071201,0.19572519083969467,0.37940281161369127
2016-08-16,2571.0,-1.2727478700980497,0.19877862595419848,0.4333394916450238
2016-08-17,2640.0,-2.861895853220667,0.2198473282442748,0.2528894971116444
2016-08-18,2531.0,-1.9731254258914939,0.18656488549618322,0.35381063249756384
2016-08-19,2537.0,-1.2909661929537946,0.1883969465648855,0.43127077539289305
2016-08-22,2564.0,-1.2556432095867613,0.1966412213740458,0.4352817499674314
2016-08-23,2549.0,-1.2335122638898293,0.1920610687022901,0.4377947500608417
2016-08-24,2599.0,-1.627273156764669,0.20732824427480917,0.39308264538503634
2016-08-25,2600.0,-2.2327036432034837,0.20763358778625954,0.32433515985914263
2016-08-26,2565.0,-1.3183016746844645,0.1969465648854962,0.42816679289330595
2016-08-29,2492.0,-1.0989259037411794,0.17465648854961832,0.4530772210522279
2016-08-30,2485.0,-0.8354994140200646,0.17251908396946564,0.48298967044961966
2016-08-31,2430.0,-0.9823042711589872,0.15572519083969466,0.46631977189420737
2016-09-01,2384.0,-0.9553826316051397,0.1416793893129771,0.4693767620310073
2016-09-02,2400.0,-0.7624000079600267,0.1465648854961832,0.4912902110940521
2016-09-05,2415.0,-0.5027934708394781,0.15114503816793892,0.5207688994866724
2016-09-06,2436.0,-0.8485686496283844,0.15755725190839695,0.4815056403157849
2016-09-07,2424.0,-0.6681825215839005,0.15389312977099237,0.501988739539536
2016-09-08,2334.0,-0.4664339299925859,0.12641221374045802,0.5248975766248238
2016-09-09,2335.0,-0.1977971418436728,0.1267175572519084,0.5554016627563642
2016-09-12,2343.0,-0.3189036539645015,0.12916030534351144,0.5416498475181013
2016-09-13,2276.0,-0.3606834154429224,0.10870229007633588,0.536905696683531
2016-09-14,2250.0,-0.41279295524275,0.10076335877862595,0.5309885849532949
2016-09-19,2200.0,0.7742398541284832,0.08549618320610687,0.6657778344359553
2016-09-20,2237.0,0.8370640445105593,0.09679389312977099,0.6729116098498307
2016-09-21,2264.0,0.14583345982075432,0.1050381679389313,0.5944214021704394
2016-09-22,2254.0,0.11286967462710012,0.10198473282442748,0.5906783178754789
2016-09-23,2285.0,0.1257678274669902,0.11145038167938931,0.5921429213196939
2016-09-26,2311.0,-0.06799682391011319,0.11938931297709923,0.5701406719048497
2016-09-27,2319.0,-0.4203693664353547,0.12183206106870229,0.5301282727779608
2016-09-28,2268.0,-0.740219997738422,0.10625954198473282,0.49380878253343075
2016-09-29,2289.0,-0.9102371352646461,0.11267175572519084,0.4745030968055959
2016-09-30,2270.0,-0.7201963971403823,0.10687022900763359,0.4960824906190396
2016-10-10,2240.0,-0.22686368648720526,0.09770992366412214,0.5521011156218403
2016-10-11,2273.0,-0.31241103025103445,0.10778625954198473,0.5423870940967996
2016-10-12,2340.0,-0.24389803870935226,0.1282442748091603,0.5501668409048149
2016-10-13,2363.0,-0.11783166594269229,0.13526717557251908,0.5644818553139114
2016-10-14,2353.0,-0.030248852872727605,0.13221374045801526,0.5744270072491252
2016-10-17,2391.0,-0.06047077081614541,0.14381679389312976,0.5709952658470677
2016-10-18,2430.0,-0.11666253565969119,0.15572519083969466,0.564614611706278
2016-10-19,2451.0,-1.8240779757505956,0.16213740458015266,0.37073518065090216
2016-10-20,2438.0,-0.6559506880949493,0.1581679389312977,0.5033776814817944
2016-10-21,2492.0,-0.48877239582328186,0.17465648854961832,0.5223610123275754
2016-10-24,2480.0,-0.17861165845558424,0.17099236641221374,0.5575802014508525
2016-10-25,2493.0,-0.6331407774123655,0.1749618320610687,0.5059677790068162
2016-10-26,2572.0,-0.6254074537908391,0.19908396946564885,0.5068459088097357
2016-10-27,2535.0,-2.0605103420361153,0.18778625954198475,0.3438879520373011
2016-10-28,2520.0,-0.635785952464677,0.183206106870229,0.5056674156493449
2016-10-31,2595.0,-0.38353137395747006,0.20610687022900764,0.534311278773534
2016-11-01,2600.0,-0.25265453393552134,0.20763358778625954,0.5491725285232902
2016-11-02,2619.0,-0.5657243964966236,0.2134351145038168,0.5136230041317926
2016-11-03,2615.0,-0.05069876713792787,0.21221374045801528,0.5721048906454138
2016-11-04,2695.0,-0.6360917399097965,0.2366412213740458,0.5056326930537237
2016-11-07,2736.0,0.23568672234620913,0.24916030534351144,0.6046243668431596
2016-11-08,2887.0,-0.16808616840120208,0.2952671755725191,0.5587753856897945
2016-11-09,2827.0,-0.11908406675289313,0.2769465648854962,0.5643396434357512
2016-11-10,3010.0,0.568437753192553,0.332824427480916,0.6424087156482425
2016-11-11,3000.0,1.4699736340780183,0.3297709923664122,0.7447793862875892
2016-11-14,3147.0,0.7706528841956009,0.3746564885496183,0.6653705289416564
2016-11-15,2950.0,0.033475735794823935,0.3145038167938931,0.5816630241580768
2016-11-16,2801.0,-0.12279374466251088,0.26900763358778623,0.5639184042776484
2016-11-17,2819.0,-0.23074988042333805,0.27450381679389313,0.5516598328200003
2016-11-18,2824.0,-0.15663586738762292,0.27603053435114505,0.560075583517341
2016-11-21,2783.0,-0.4482893514519326,0.2635114503816794,0.5269579191059801
2016-11-22,2726.0,-1.1641620545082685,0.24610687022900762,0.44566956413523734
2016-11-23,2897.0,-1.0209783783529398,0.2983206106870229,0.4619282724832972
2016-11-24,2950.0,-0.43729107983248816,0.3145038167938931,0.5282067883583612
2016-11-25,2902.0,0.0410713523614985,0.2998473282442748,0.5825255171307204
2016-11-28,3252.0,0.4668224697591373,0.4067175572519084,0.6308701569143749
2016-11-29,3306.0,0.12493986954520418,0.423206106870229,0.5920489055300716
2016-11-30,3062.0,-0.03170644039967747,0.34870229007633585,0.5742614961299195
2016-12-01,3000.0,0.14788928668561072,0.3297709923664122,0.5946548442101139
2016-12-02,3196.0,0.24133893586716346,0.389618320610687,0.6052661836593339
2016-12-05,3124.0,0.21568085051689817,0.36763358778625954,0.6023526718842415
2016-12-06,3201.0,0.4844238181619537,0.39114503816793894,0.6328688148473053
2016-12-07,3223.0,-0.1757147962464574,0.3978625954198473,0.5579091442399148
2016-12-08,3391.0,0.06658809084396253,0.4491603053435114,0.5854229787696438
2016-12-09,3402.0,0.21735410256571935,0.45251908396946566,0.6025426720140402
2016-12-12,3368.0,0.4241317300776061,0.44213740458015266,0.6260225632201608
2016-12-13,3456.0,0.2913384921578527,0.46900763358778624,0.6109437037865644
2016-12-14,3489.0,-1.6165364227176526,0.47908396946564885,0.3943018166772425
2016-12-15,3368.0,-0.4392721417768287,0.44213740458015266,0.5279818359808464
2016-12-16,3380.0,-0.3356133116939724,0.44580152671755724,0.5397524423186103
2016-12-19,3280.0,-0.9729626005356042,0.4152671755725191,0.46738053176731226
2016-12-20,3161.0,-1.3001166886191022,0.3789312977099237,0.4302317237058765
2016-12-21,3168.0,-2.660074559604122,0.38106870229007633,0.275806589614423
2016-12-22,3173.0,-4.205380822015244,0.38259541984732826,0.10033488429434768
2016-12-23,3012.0,-2.8034903292707276,0.3334351145038168,0.2595215267208545
2016-12-26,2971.0,-4.1178156573471245,0.32091603053435114,0.11027803222864392
2016-12-27,2932.0,-1.3392691961827698,0.30900763358778627,0.42578590125833493
2016-12-28,3010.0,-1.551353122195992,0.332824427480916,0.40170347237433424
2016-12-29,2992.0,-2.480430125253789,0.32732824427480917,0.2962054684732513
2016-12-30,2948.0,-4.753436674742211,0.3138931297709924,0.038102369337345746
2017-01-02,2948.0,-1.378788068717612,0.3138931297709924,0.42129847755166094
2017-01-03,2889.0,-1.0914318768843414,0.29587786259541987,0.45392817837005567
2017-01-04,2860.0,-2.3372249585665705,0.2870229007633588,0.3124666171015137
2017-01-05,2930.0,-1.081824005573644,0.3083969465648855,0.45501916570660694
2017-01-06,2940.0,-1.6473104021851328,0.3114503816793893,0.39080738791059905
2017-01-09,2915.0,-1.2651639728316721,0.30381679389312977,0.43420065387459184
2017-01-10,3048.0,-1.2457946223793617,0.34442748091603054,0.43640007093351585
2017-01-11,3177.0,-2.9222926686816173,0.3838167938931298,0.24603135354319794
2017-01-12,3179.0,-1.7908380171288878,0.3844274809160305,0.3745096248280837
2017-01-13,3212.0,-2.0075991125220165,0.3945038167938931,0.34989609676515226
2017-01-16,3190.0,-1.0864258295749376,0.38778625954198476,0.4544966221016713
2017-01-17,3370.0,-1.4245921423268972,0.44274809160305345,0.4160973603994616
2017-01-18,3292.0,-1.6735597098197081,0.41893129770992366,0.3878267420113691
2017-01-19,3280.0,-2.023262842151058,0.4152671755725191,0.3481174581764547
2017-01-20,3252.0,-1.5108455507904774,0.4067175572519084,0.4063031642320569
2017-01-23,3191.0,-1.7420557425606769,0.3880916030534351,0.3800489208990905
2017-01-24,3178.0,-1.377430624190544,0.3841221374045802,0.4214526172920062
2017-01-25,3300.0,-1.7096734263964717,0.4213740458015267,0.38372597856575724
2017-01-26,3292.0,-1.6387259467575805,0.41893129770992366,0.39178216493037665
2017-02-03,3349.0,-0.2699050948268221,0.4363358778625954,0.5472137030069804
2017-02-06,3110.0,-0.4473218504015263,0.36335877862595417,0.527067780214644
2017-02-07,3090.0,-0.6677952148675836,0.35725190839694654,0.5020327187633619
2017-02-08,3161.0,-0.7452065859992018,0.3789312977099237,0.49324254840422793
2017-02-09,3248.0,-0.44689965664031933,0.40549618320610686,0.5271157209116155
2017-02-10,3198.0,0.03909547346758058,0.3902290076335878,0.5823011532958902
2017-02-13,3351.0,0.15238868702634947,0.43694656488549616,0.5951657574639536
2017-02-14,3449.0,-0.2375873474865193,0.4668702290076336,0.5508834287926366
2017-02-15,3442.0,-0.18269483567536768,0.46473282442748093,0.5571165509193641
2017-02-16,3370.0,-0.45382615126762826,0.44274809160305345,0.5263292076787967
2017-02-17,3394.0,-0.00029869755364858586,0.4500763358778626,0.5778278896219436
2017-02-20,3481.0,-0.003996680408921149,0.4766412213740458,0.5774079784537545
2017-02-21,3566.0,-0.017967574498137413,0.5025954198473283,0.5758215637278762
2017-02-22,3572.0,-0.468946062976532,0.5044274809160305,0.5246123203818341
2017-02-23,3506.0,-0.2677345370841361,0.48427480916030535,0.5474601728996283
2017-02-24,3512.0,-0.13050601388340966,0.4861068702290076,0.5630426652316116
2017-02-27,3498.0,-0.01060877194390776,0.4818320610687023,0.5766571661354466
2017-02-28,3610.0,0.3603079210403734,0.516030534351145,0.6187752796983094
2017-03-01,3488.0,-0.6150602245889885,0.47877862595419846,0.5080208512774854
2017-03-02,3545.0,-0.28633566275741995,0.4961832061068702,0.5453479888477296
2017-03-03,3555.0,-0.27893003744978956,0.49923664122137407,0.5461889080449791
2017-03-06,3569.0,-0.23360187933325555,0.5035114503816794,0.5513359843218305
2017-03-07,3445.0,-0.3794359073848787,0.46564885496183206,0.5347763247783647
2017-03-08,3492.0,-0.6032639183215756,0.48,0.5093603384895485
2017-03-09,3417.0,-1.1219087574902515,0.4570992366412214,0.45046748559811856
2017-03-10,3385.0,-0.4119816856947285,0.44732824427480916,0.5310807057545421
2017-03-13,3410.0,-0.011220293573580578,0.4549618320610687,0.5765877269920167
2017-03-14,3603.0,-0.3380476295789193,0.5138931297709923,0.5394760220898485
2017-03-15,3592.0,-0.536992185290722,0.5105343511450382,0.5168855872329894
2017-03-16,3630.0,-0.28234774976631427,0.5221374045801527,0.5458008219917081
2017-03-17,3615.0,-0.5556340899745282,0.517557251908397,0.5147687726669384
2017-03-20,3571.0,0.03876531025475592,0.5041221374045801,0.5822636627974708
2017-03-21,3580.0,-0.45882765944901405,0.5068702290076336,0.5257612793715686
2017-03-22,3463.0,-0.29061297959137766,0.47114503816793896,0.5448622934892718
2017-03-23,3119.0,0.2371390790621054,0.3661068702290076,0.6047892839963935
2017-03-24,3130.0,-0.2113364437874317,0.36946564885496186,0.5538642559272429
2017-03-27,3138.0,-0.23099250860420267,0.3719083969465649,0.5516322820479037
2017-03-28,3058.0,0.24611197173475946,0.3474809160305343,0.6058081686131347
2017-03-29,3062.0,-0.1569036442161305,0.34870229007633585,0.5600451770808393
2017-03-30,3169.0,-0.42044585432879455,0.38137404580152673,0.5301195874697959
2017-03-31,3140.0,-0.3987164135006581,0.37251908396946565,0.5325869961191438
2017-04-05,3200.0,-0.6717399750796146,0.39083969465648855,0.5015847856783021
2017-04-06,3237.0,-0.5955967892193681,0.4021374045801527,0.5102309518114504
2017-04-07,3136.0,-0.11613431169073317,0.3712977099236641,0.5646745922828658
2017-04-10,3030.0,-0.40651583488471277,0.33893129770992364,0.5317013608220769
2017-04-11,2990.0,-0.5612352081807293,0.3267175572519084,0.5141327577958099
2017-04-12,2975.0,-0.8832303463039501,0.32213740458015266,0.47756975577762295
2017-04-13,2888.0,-0.5709402986461019,0.2955725190839695,0.5130307310871448
2017-04-14,2925.0,-0.5373265872165546,0.3068702290076336,0.5168476154227305
2017-04-17,2942.0,-0.17294742555867693,0.31206106870229006,0.5582233830841163
2017-04-18,2917.0,-0.46263393690022603,0.30442748091603056,0.5253290711992912
2017-04-19,2819.0,-0.5380321682315742,0.27450381679389313,0.5167674957034499
2017-04-20,2853.0,-0.6964416437508694,0.28488549618320613,0.49877987636587007
2017-04-21,2898.0,-0.5606849940799706,0.29862595419847326,0.5141952353828745
2017-04-24,2923.0,-0.5272717220498088,0.3062595419847328,0.5179893595419961
2017-04-25,2925.0,-0.42394176479635703,0.3068702290076336,0.5297226219061979
2017-04-26,2955.0,-0.6804580077223761,0.31603053435114503,0.5005948407773642
2017-04-27,2970.0,-0.8147234711777738,0.32061068702290074,0.485348808058032
2017-04-28,3035.0,-0.686893438758591,0.34045801526717556,0.4998640885078222
2017-05-02,3152.0,-0.7674844411507287,0.3761832061068702,0.49071286653507357
2017-05-03,3143.0,-0.9642276661299372,0.3734351145038168,0.4683723958872634
2017-05-04,3120.0,-0.5185492562286819,0.366412213740458,0.5189798078365894
2017-05-05,2949.0,-0.6803622056948225,0.31419847328244277,0.5006057192326949
2017-05-08,2948.0,-0.40513141291560684,0.3138931297709924,0.5318585638890098
2017-05-09,2998.0,-0.4434871464668304,0.32916030534351143,0.5275032162542087
2017-05-10,3009.0,-0.9055220704629843,0.33251908396946567,0.47503849906310786
2017-05-11,3084.0,-0.9837882470218888,0.3554198473282443,0.466151264342241
2017-05-12,3068.0,-1.2364220407781246,0.35053435114503817,0.4374643407917474
2017-05-15,2950.0,-1.1726281811585961,0.3145038167938931,0.4447082235149833
2017-05-16,2997.0,-1.4494908164926479,0.3288549618320611,0.41327008083530825
2017-05-17,3005.0,-1.2235126581762272,0.33129770992366414,0.43893021939127486
2017-05-18,3111.0,-2.3362961546423833,0.36366412213740457,0.3125720840969239
2017-05-19,3118.0,-1.297354420937367,0.3658015267175573,0.43054538309654533
2017-05-22,3254.0,-1.3658639331595348,0.4073282442748092,0.4227660313701676
2017-05-23,3349.0,-1.3993505757353926,0.4363358778625954,0.4189635758821134
2017-05-24,3288.0,-0.9980039956909228,0.41770992366412213,0.4645370460335253
2017-05-25,3247.0,-1.5301716074470082,0.40519083969465647,0.4041086632446975
2017-05-26,3221.0,-1.573252819227849,0.3972519083969466,0.3992167308929549
2017-05-31,3248.0,-1.2474933637290095,0.40549618320610686,0.43620717645766266
2017-06-01,3102.0,-1.4833256241257822,0.3609160305343511,0.4094280907140107
2017-06-02,3098.0,-1.0475457849879317,0.3596946564885496,0.45891150599397995
2017-06-05,3010.0,-0.8606874488077254,0.332824427480916,0.48012953357878596
2017-06-06,2928.0,-1.03230883566669,0.30778625954198474,0.46064168307687237
2017-06-07,2959.0,-1.6889808242424411,0.31725190839694656,0.3860756527214888
2017-06-08,2968.0,-1.3455628275934965,0.32,0.42507125053623596
2017-06-09,2968.0,-1.0007636243228966,0.32,0.46422368631067856
2017-06-12,3030.0,-1.0683482512998748,0.33893129770992364,0.4565493566081847
2017-06-13,3035.0,-0.8933477971883336,0.34045801526717556,0.47642090496185985
2017-06-14,2935.0,-0.7513801489937586,0.3099236641221374,0.492541531620108
2017-06-15,3080.0,-0.44648822703065794,0.35419847328244275,0.5271624393239993
2017-06-16,3105.0,-0.9161438233246955,0.3618320610687023,0.4738323840466419
2017-06-19,3100.0,-0.773488665174666,0.3603053435114504,0.4900310784298729
2017-06-20,3144.0,-0.8867914623070748,0.3737404580152672,0.4771653860335077
2017-06-21,3099.0,-0.640884361873902,0.36,0.5050884840710436
2017-06-22,3079.0,-0.45846661611811024,0.35389312977099235,0.5258022763509437
2017-06-23,3037.0,-0.44376329184020913,0.34106870229007635,0.5274718595576354
2017-06-26,3105.0,-0.3464012094394114,0.3618320610687023,0.538527461316296
2017-06-27,3152.0,-0.08372132653908229,0.3761832061068702,0.568355132456307
2017-06-28,3226.0,0.07014841201700099,0.3987786259541985,0.5858272582596818
2017-06-29,3288.0,0.38997722274814733,0.41770992366412213,0.6221442707474983
2017-06-30,3291.0,-0.19573889629138666,0.41862595419847326,0.5556353794414073
2017-07-03,3341.0,-0.1959082043083834,0.43389312977099237,0.5556161542773156
2017-07-04,3405.0,-0.8011721146533473,0.4534351145038168,0.48688758370178775
2017-07-05,3370.0,-1.0072225169789328,0.44274809160305345,0.4634902699411198
2017-07-06,3400.0,-0.603619057131031,0.45190839694656487,0.5093200119769107
2017-07-07,3421.0,-0.5444120278029149,0.4583206106870229,0.5160430536521124
2017-07-10,3435.0,-0.5896152722551987,0.46259541984732827,0.5109101614979924
2017-07-11,3438.0,-1.2381971706582182,0.4635114503816794,0.4372627722905374
2017-07-12,3565.0,-1.1723854442592399,0.5022900763358779,0.44473578663221786
2017-07-13,3580.0,-0.4214734337512576,0.5068702290076336,0.5300029043772612
2017-07-14,3658.0,-1.0559435288916896,0.5306870229007633,0.4579579303310337
2017-07-17,3535.0,-0.7671343415358858,0.49312977099236643,0.4907526208400569
2017-07-18,3627.0,-0.6313433231994283,0.5212213740458015,0.5061718824675029
2017-07-19,3598.0,-0.8022698401816508,0.5123664122137405,0.48676293542001337
2017-07-20,3667.0,-3.01600360335155,0.5334351145038168,0.23539034475830212
2017-07-21,3510.0,-0.690521812211066,0.4854961832061069,0.4994520815854854
2017-07-24,3528.0,-0.5554162573409918,0.4909923664122137,0.5147935078696686
2017-07-25,3523.0,-0.6577775591321352,0.48946564885496185,0.5031702376992302
2017-07-26,3579.0,-0.934103009408042,0.5065648854961832,0.4717930931404572
2017-07-27,3555.0,-0.2686817409432515,0.49923664122137407,0.547352616565659
2017-07-28,3566.0,-0.16709645475012563,0.5025954198473283,0.5588877690705891
2017-07-31,3565.0,-0.7434640040088052,0.5022900763358779,0.49344042104666314
2017-08-01,3710.0,-0.6284136465781971,0.5465648854961832,0.506504551379335
2017-08-02,3695.0,-0.9706400384253051,0.5419847328244275,0.46764426197026254
2017-08-03,3715.0,-0.8647815169950673,0.5480916030534351,0.47966464636257256
2017-08-04,3780.0,-0.6565008921612152,0.5679389312977099,0.5033152050341607
2017-08-07,3880.0,-0.6361171045168159,0.5984732824427481,0.505629812866827
2017-08-08,3921.0,-1.8690058653785864,0.6109923664122138,0.3656335554253919
2017-08-09,3891.0,-2.1999337796679317,0.6018320610687022,0.3280562240763532
2017-08-10,3988.0,-0.9139197487830333,0.6314503816793893,0.47408493084728426
2017-08-11,3945.0,-2.0790014028652077,0.6183206106870229,0.34178826600367596
2017-08-14,3861.0,-1.438313245254497,0.5926717557251908,0.41453930981224557
2017-08-15,3800.0,-0.6961906148273086,0.5740458015267176,0.49880838105414665
2017-08-16,3742.0,-0.8854689002814586,0.5563358778625954,0.47731556481662113
2017-08-17,3726.0,-1.7808343425745676,0.5514503816793893,0.3756455561811184
2017-08-18,3800.0,-0.9678505441940946,0.5740458015267176,0.46796101297401976
2017-08-21,3868.0,-0.37202605490237683,0.5948091603053435,0.535617723977282
2017-08-22,3970.0,-1.6622593047849177,0.6259541984732825,0.3891099189391376
2017-08-23,3918.0,-2.3645367885160073,0.6100763358778626,0.3093653202950399
2017-08-24,3779.0,-0.7104725680171595,0.5676335877862595,0.49718664512872923
2017-08-25,3855.0,-0.5226148434322777,0.5908396946564886,0.5185181546762447
2017-08-28,3920.0,0.12205114883148921,0.6106870229007634,0.5917208872192947
2017-08-29,3926.0,-0.2672561881552967,0.6125190839694656,0.5475144900950758
2017-08-30,3885.0,-0.21910629546225222,0.6,0.5529819783123593
2017-08-31,3854.0,0.6352344999328263,0.5905343511450382,0.6499935804387734
2017-09-01,3915.0,0.1474928260917449,0.6091603053435114,0.5946098255505835
2017-09-04,4060.0,0.3419888246906766,0.6534351145038167,0.6166951204738275
2017-09-05,4060.0,0.13492765432341883,0.6534351145038167,0.5931830325766214
2017-09-06,4081.0,-0.25683796628490985,0.6598473282442748,0.5486974938804532
2017-09-07,3998.0,0.19372155754656548,0.6345038167938931,0.5998591632000048
2017-09-08,3951.0,0.4099224115185335,0.6201526717557252,0.6244090750594992
2017-09-11,3912.0,0.7873680005690482,0.6082442748091603,0.6672685539778689
2017-09-12,3915.0,0.40542658584482755,0.6091603053435114,0.6238985677141422
2017-09-13,3951.0,0.5432559804525643,0.6201526717557252,0.639549289841753
2017-09-14,3913.0,0.5219952703411077,0.6085496183206107,0.6371351062262978
2017-09-15,3831.0,0.7451504559997727,0.5835114503816794,0.6624746922559611
2017-09-18,3808.0,0.9089127705641996,0.5764885496183206,0.6810701340158015
2017-09-19,3796.0,0.6501706798320523,0.572824427480916,0.6516896047296445
2017-09-20,3738.0,0.4491801483018192,0.555114503816794,0.6288668464333248
2017-09-21,3768.0,0.6220781466510937,0.5642748091603054,0.6484996579702674
2017-09-22,3650.0,0.7616853314662889,0.5282442748091603,0.6643522506830121
2017-09-25,3574.0,0.9075195520163942,0.5050381679389313,0.6809119320849522
2017-09-26,3599.0,0.489933935572117,0.5126717557251909,0.6334944964497125
2017-09-27,3613.0,0.030525127915441486,0.5169465648854962,0.5813279784723637
2017-09-28,3690.0,-0.04417998469511465,0.5404580152671755,0.572845107584719
2017-09-29,3615.0,0.2009925708345337,0.517557251908397,0.6006847970125889
2017-10-09,3980.0,1.055849340388987,0.6290076335877862,0.6977549887324378
2017-10-10,3695.0,0.2441097019407081,0.5419847328244275,0.6055808080543774
2017-10-11,3550.0,-0.17495548528225915,0.49770992366412214,0.5579953650706957
2017-10-12,3523.0,0.44681375017255615,0.48946564885496185,0.6285981385886027
2017-10-13,3665.0,0.1931352318115146,0.5328244274809161,0.5997925850859409
2017-10-16,3818.0,0.5485439253918896,0.5795419847328245,0.6401497434467842
2017-10-17,3824.0,0.3280546676339008,0.5813740458015267,0.6151128772897901
2017-10-18,3739.0,-0.2179757266582657,0.5554198473282442,0.5531103559944037
2017-10-19,3691.0,-0.07320906092362,0.5407633587786259,0.5695488150415602
2017-10-20,3601.0,0.22628132357717834,0.5132824427480916,0.6035563705492456
2017-10-23,3777.0,0.2653641654202371,0.5670229007633588,0.607994282355968
2017-10-24,3698.0,-0.15833087875652382,0.5429007633587786,0.5598831125860616
2017-10-25,3745.0,-0.1686039856835965,0.5572519083969466,0.5587165868071418
2017-10-26,3682.0,-0.014471078824673467,0.5380152671755725,0.5762185957424295
2017-10-27,3650.0,0.25638314791225464,0.5282442748091603,0.6069744751527173
2017-10-30,3581.0,0.7192101789482175,0.507175572519084,0.6595291372152344
2017-10-31,3575.0,0.21058687440545495,0.5053435114503817,0.6017742437131551
2017-11-01,3634.0,0.03737024756674162,0.5233587786259541,0.5821052514619001
2017-11-02,3580.0,0.38034177373187794,0.5068702290076336,0.6210501519235888
2017-11-03,3638.0,0.4742164448839579,0.5245801526717557,0.6317097532169371
2017-11-06,3622.0,-0.00978328078567986,0.5196946564885496,0.5767509018205883
2017-11-07,3739.0,0.09665864087435143,0.5554198473282442,0.5888375321317146
2017-11-08,3705.0,0.058674891428735276,0.5450381679389313,0.584524423816685
2017-11-09,3746.0,0.33430557392184046,0.557557251908397,0.6158226765139448
2017-11-10,3760.0,0.2373355584240131,0.5618320610687023,0.6048115945050175
2017-11-13,3810.0,0.5392496297478859,0.5770992366412214,0.6390943630693969
2017-11-14,3799.0,-0.010652576514066966,0.5737404580152672,0.5766521920647308
2017-11-15,3805.0,-0.14363823842750575,0.5755725190839694,0.5615514826152912
2017-11-16,3718.0,0.14028235736508232,0.5490076335877863,0.5937910666583168
2017-11-17,3681.0,0.1473547827322722,0.5377099236641222,0.5945941505324437
2017-11-20,3627.0,0.0538546977440029,0.5212213740458015,0.5839770840262455
2017-11-21,3698.0,-0.29610367693825357,0.5429007633587786,0.5442388170624375
2017-11-22,3769.0,-0.6871946015016733,0.5645801526717558,0.49982989105363923
2017-11-23,3817.0,-0.49001105180900395,0.5792366412213741,0.522220361193618
2017-11-24,3830.0,-0.09540044947950979,0.583206106870229,0.5670289515762774
2017-11-27,3815.0,0.7514863832993751,0.5786259541984733,0.6631941457358885
2017-11-28,3845.0,0.43681621665443965,0.5877862595419847,0.6274629045588892
2017-11-29,3885.0,0.5744861107903699,0.6,0.6430955151829955
2017-11-30,3960.0,1.0467373672366505,0.6229007633587786,0.6967203113310942
2017-12-01,3993.0,0.6688859340710271,0.6329770992366412,0.6538147482411242
2017-12-04,3972.0,0.9501744092637395,0.6265648854961832,0.6857554512781623
2017-12-05,4057.0,0.9810889291974395,0.6525190839694657,0.6892658386129381
2017-12-06,4025.0,0.3069855191398823,0.6427480916030535,0.6127204457661394
2017-12-07,3926.0,0.6595298118128328,0.6125190839694656,0.6527523473645064
2017-12-08,3830.0,0.5369451415874489,0.583206106870229,0.6388326851889418
2017-12-11,3893.0,0.5795805756983778,0.602442748091603,0.6436739988576209
2017-12-12,3923.0,0.3654330631730621,0.6116030534351145,0.619357246815059
2017-12-13,3884.0,-0.9183417144639234,0.5996946564885496,0.47358281040827044
2017-12-14,3832.0,-1.2888889928722753,0.5838167938931298,0.43150664439146064
2017-12-15,3782.0,-0.5771163361336817,0.5685496183206107,0.5123294333208525
2017-12-18,3839.0,0.16191605151950136,0.5859541984732825,0.5962476031378401
2017-12-19,3876.0,-0.15023247205749893,0.5972519083969465,0.5608026980872789
2017-12-20,3789.0,-0.379847294208617,0.5706870229007633,0.5347296112243828
2017-12-21,3811.0,-0.28981798736740333,0.5774045801526717,0.5449525659774188
2017-12-22,3853.0,-1.372819124936573,0.5902290076335878,0.4219762595355276
2017-12-25,3944.0,-2.1509034104409337,0.6180152671755725,0.3336236916457336
2017-12-26,3780.0,-0.6099106032784742,0.5679389312977099,0.5086055980393982
2017-12-27,3820.0,-1.8108483519323777,0.5801526717557252,0.37223742309215374
2017-12-28,3780.0,-1.8515663417010804,0.5679389312977099,0.3676138379325546
2017-12-29,3753.0,-1.5064809783863145,0.5596946564885497,0.40679876758356115
2018-01-02,3801.0,0.39445869102123293,0.574351145038168,0.6226531477897679
2018-01-03,3866.0,-1.0154371047140223,0.5941984732824428,0.4625574919194166
2018-01-04,3805.0,-0.08554944873818968,0.5755725190839694,0.5681475466025421
2018-01-05,3812.0,0.0840508692346591,0.5777099236641221,0.5874059018822836
2018-01-08,3795.0,0.3984518946204516,0.5725190839694656,0.6231065816897585
2018-01-09,3818.0,-0.20757908851527732,0.5795419847328245,0.5542909089170971
2018-01-10,3818.0,-1.3977299467037234,0.5795419847328245,0.4191476005941045
2018-01-11,3858.0,-0.11514824026579187,0.5917557251908397,0.5647865620837466
2018-01-12,3838.0,-0.09795661234390382,0.585648854961832,0.5667386956782711
2018-01-15,3786.0,-0.06334951871378441,0.5697709923664123,0.5706683799636202
2018-01-16,3803.0,0.10638906061080454,0.5749618320610687,0.5899424350148308
2018-01-17,3788.0,-0.33957330430088184,0.570381679389313,0.539302779573631
2018-01-18,3825.0,-0.43849594104019646,0.5816793893129771,0.5280699746691054
2018-01-19,3867.0,0.16886789833677515,0.5945038167938931,0.5970369951475818
2018-01-22,3937.0,0.34384171842185357,0.6158778625954199,0.6169055191699923
2018-01-23,3930.0,-0.12003626733436536,0.6137404580152672,0.5642315197169118
2018-01-24,3904.0,0.17634996128044939,0.6058015267175573,0.5978865939461979
2018-01-25,3933.0,0.32761940699170544,0.6146564885496183,0.6150634528300551
2018-01-26,3965.0,-0.15866409772614848,0.6244274809160305,0.5598452751021483
2018-01-29,3942.0,1.011580736913746,0.6174045801526717,0.6927282263793112
2018-01-30,3938.0,0.5607779670807481,0.6161832061068703,0.6415389361332561
2018-01-31,3919.0,0.3060447857388858,0.610381679389313,0.6126136241618142
2018-02-01,3920.0,0.4419630490846481,0.6106870229007634,0.6280473346395103
2018-02-02,3921.0,0.3578590425752902,0.6109923664122138,0.6184972060951394
2018-02-05,3960.0,0.3402702098671974,0.6229007633587786,0.6164999693369948
2018-02-06,3970.0,0.5202521125622399,0.6259541984732825,0.6369371682022698
2018-02-07,3949.0,-0.28195782177858275,0.6195419847328244,0.5458450988645998
2018-02-08,3936.0,0.33638558839464305,0.6155725190839695,0.6160588650906116
2018-02-09,3928.0,-0.07547011526343717,0.6131297709923664,0.5692920691326877
2018-02-12,3890.0,-0.727001086116716,0.601526717557252,0.49530980858966184
2018-02-13,3920.0,-0.08150611931954842,0.6106870229007634,0.5686066723600168
2018-02-14,3921.0,-0.4923483758769347,0.6109923664122138,0.5219549547495611
2018-02-22,3945.0,0.023589857927052954,0.6183206106870229,0.5805404687849192
2018-02-23,3846.0,0.6598933901851769,0.5880916030534351,0.6527936322014118
2018-02-26,3954.0,0.6222531304388186,0.6210687022900764,0.6485195276261294
2018-02-27,4038.0,0.6144777584872485,0.6467175572519084,0.647636623176036
2018-02-28,4030.0,0.3661700523279446,0.6442748091603053,0.6194409329729136
2018-03-01,4017.0,0.3639723693816219,0.6403053435114504,0.61919138297514
2018-03-02,4022.0,0.013303157397233395,0.6418320610687023,0.5793723994332373
2018-03-05,4019.0,0.7595598466057762,0.6409160305343512,0.6641108988796975
2018-03-06,3948.0,0.18936248367827951,0.619236641221374,0.5993641842150035
2018-03-07,3980.0,-0.15585247435507732,0.6290076335877862,0.5601645389009438
2018-03-08,3885.0,0.25647787704146674,0.6,0.6069852317789284
2018-03-09,3773.0,0.31277017983323374,0.5658015267175572,0.6133773021455192
2018-03-12,3737.0,0.13586145901851165,0.5548091603053436,0.5932890674166201
2018-03-13,3716.0,-0.13495975835045337,0.5483969465648855,0.5625369362666149
2018-03-14,3703.0,-0.21227922461366922,0.5444274809160305,0.5537572018348943
2018-03-15,3748.0,0.08889767467708479,0.5581679389312977,0.5879562634753377
2018-03-16,3752.0,-0.012056267791199816,0.5593893129770993,0.5764928009406975
2018-03-19,3731.0,0.49857577161896116,0.5529770992366412,0.63447578911973
2018-03-20,3646.0,0.230178854762843,0.5270229007633588,0.6039989407117581
2018-03-21,3653.0,0.022266522677734907,0.5291603053435114,0.5803902022011639
2018-03-22,3617.0,0.05676876697372358,0.5181679389312978,0.5843079806967617
2018-03-23,3609.0,0.24406367763221776,0.5157251908396947,0.6055755819292439
2018-03-26,3379.0,0.6158060959401013,0.44549618320610684,0.6477874577670568
2018-03-27,3355.0,0.24258575504525584,0.4381679389312977,0.6054077617352969
2018-03-28,3239.0,-0.10056765323804531,0.4027480916030534,0.5664422083025966
2018-03-29,3218.0,-0.09086824402087983,0.39633587786259544,0.5675435898975161
2018-03-30,3296.0,-0.1931182971761134,0.4201526717557252,0.5559329521665705
2018-04-02,3386.0,-0.026541809938192662,0.44763358778625956,0.5748479472020912
2018-04-03,3351.0,-0.2843228125450018,0.43694656488549616,0.5455765508279132
2018-04-04,3358.0,0.00886793251685794,0.43908396946564887,0.5788687733934236
2018-04-09,3318.0,0.5180531125001184,0.4268702290076336,0.6366874686441399
2018-04-10,3415.0,-0.0002835251595411231,0.45648854961832064,0.5778296124686909
2018-04-11,3430.0,-0.39933437758782264,0.46106870229007635,0.5325168254255803
2018-04-12,3393.0,0.18529856869554215,0.4497709923664122,0.5989027209376955
2018-04-13,3400.0,0.3874589643670415,0.45190839694656487,0.6218583189570231
2018-04-16,3450.0,0.22336600594765005,0.467175572519084,0.6032253321211706
2018-04-17,3361.0,-0.08925677275837712,0.44,0.5677265747319038
2018-04-18,3411.0,-0.40330416589316354,0.4552671755725191,0.5320660503652302
2018-04-19,3477.0,-0.09985289169744285,0.47541984732824427,0.5665233704835038
2018-04-20,3505.0,0.14590471479125894,0.48396946564885496,0.5944294932728255
2018-04-23,3455.0,0.21193323327787428,0.4687022900763359,0.6019271246617819
2018-04-24,3536.0,0.23057219253868022,0.4934351145038168,0.6040436047708976
2018-04-25,3570.0,-0.04255931820317506,0.5038167938931297,0.5730291365503766
2018-04-26,3578.0,-0.4870992579933154,0.5062595419847328,0.5225509994876621
2018-04-27,3551.0,-0.12197067154076616,0.49801526717557254,0.5640118653913375
2018-05-02,3640.0,-0.09283778524875033,0.5251908396946565,0.567319945713603
2018-05-03,3729.0,0.37696685166030475,0.5523664122137405,0.6206669247629758
2018-05-04,3668.0,0.24344129834827136,0.5337404580152671,0.6055049098838594
2018-05-07,3663.0,0.14407165650071674,0.5322137404580153,0.594221346918917
2018-05-08,3657.0,-0.2044061312505179,0.530381679389313,0.5546512026890815
2018-05-09,3614.0,-1.6754458778158947,0.5172519083969466,0.3876125649754884
2018-05-10,3577.0,-0.6125605119549126,0.5059541984732825,0.5083046971722318
2018-05-11,3628.0,-0.19693924993203393,0.5215267175572519,0.555499077592748
2018-05-14,3690.0,-0.10254244244987468,0.5404580152671755,0.5662179682027043
2018-05-15,3673.0,-0.28434136421523065,0.5352671755725191,0.5455744442595968
2018-05-16,3682.0,-0.29989438039831584,0.5380152671755725,0.5438083773388179
2018-05-17,3677.0,-0.11305754344739098,0.5364885496183206,0.5650239636558204
2018-05-18,3685.0,-0.03060633672169326,0.5389312977099237,0.5743864144539439
2018-05-21,3626.0,0.18111965396290988,0.5209160305343511,0.5984281992766121
2018-05-22,3586.0,-0.18100257460163238,0.5087022900763358,0.5573087095507487
2018-05-23,3575.0,-0.4362366512413933,0.5053435114503817,0.5283265202118574
2018-05-24,3530.0,0.02858935119673477,0.4916030534351145,0.5811081682960817
2018-05-25,3580.0,-0.24782957553932272,0.5068702290076336,0.549720409353436
2018-05-28,3560.0,-0.13510436699749648,0.500763358778626,0.5625205157508131
2018-05-29,3581.0,-0.5943424579352852,0.507175572519084,0.5103733828976422
2018-05-30,3642.0,-0.3008954668593508,0.5258015267175572,0.5436947025594143
2018-05-31,3639.0,-0.1780953336361194,0.5248854961832061,0.5576388308622349
2018-06-01,3698.0,-0.23619155204943598,0.5429007633587786,0.5510419233328975
2018-06-04,3739.0,-0.43561957227035697,0.5554198473282442,0.5283965903992363
2018-06-05,3708.0,-0.11750842384329457,0.5459541984732824,0.5645185599101407
2018-06-06,3743.0,-0.6024494879852211,0.5566412213740458,0.5094528182027683
2018-06-07,3786.0,-0.607173654662126,0.5697709923664123,0.5089163824144869
2018-06-08,3810.0,-0.6904214736103954,0.5770992366412214,0.49946347517509115
2018-06-11,3804.0,-0.18782133607142174,0.575267175572519,0.5565344295698937
2018-06-12,3808.0,-0.3341678170836619,0.5764885496183206,0.5399165802700778
2018-06-13,3848.0,-0.7147009822108779,0.5887022900763359,0.4967065027340342
2018-06-14,3867.0,-0.9191135243215218,0.5945038167938931,0.4734951703105177
2018-06-15,3886.0,-0.4341054477659707,0.6003053435114504,0.5285685213719594
2018-06-19,3872.0,-0.8030235751655375,0.5960305343511451,0.48667734774966015
2018-06-20,3759.0,-0.7432111855147772,0.5615267175572519,0.49346912894318995
2018-06-21,3812.0,-0.5757018241652542,0.5777099236641221,0.5124900531496419
2018-06-22,3773.0,-0.613659770623899,0.5658015267175572,0.5081798748001708
2018-06-25,3755.0,-0.7049550675513058,0.5603053435114503,0.4978131650875218
2018-06-26,3713.0,-0.678019132572238,0.5474809160305344,0.5008717784900153
2018-06-27,3669.0,-0.9907736014102677,0.5340458015267175,0.4653580675005474
2018-06-28,3684.0,-0.7284173467484981,0.5386259541984733,0.4951489901976826
2018-06-29,3748.0,-0.5699974349586723,0.5581679389312977,0.5131377945884985
2018-07-02,3807.0,-0.8689046396642454,0.5761832061068702,0.4791964599689733
2018-07-03,3752.0,-1.134580418283422,0.5593893129770993,0.4490286006452123
2018-07-04,3759.0,-1.2722216342744583,0.5615267175572519,0.4333992464649013
2018-07-05,3795.0,-0.5961191803468412,0.5725190839694656,0.5101716335622389
2018-07-06,3788.0,-0.43607261344736425,0.570381679389313,0.5283451469346989
2018-07-09,3776.0,-0.27242885174947,0.5667175572519084,0.5469271268493587
2018-07-10,3850.0,-0.7139076570621793,0.5893129770992367,0.4967965859234326
2018-07-11,3872.0,-0.16116491266532074,0.5960305343511451,0.5595613040391038
2018-07-12,3880.0,-0.29725767345120535,0.5984732824427481,0.5441077791310017
2018-07-13,3980.0,-0.8220460550992151,0.6290076335877862,0.48451731832729095
2018-07-16,3944.0,-0.4835877645827011,0.6180152671755725,0.522949734516419
2018-07-17,3943.0,-0.6281197082280436,0.6177099236641221,0.506537928493513
2018-07-18,3940.0,-1.1453081148316457,0.616793893129771,0.4478104555737389
2018-07-19,3949.0,-0.7230558208207865,0.6195419847328244,0.49575779902771044
2018-07-20,3961.0,-0.885918523844451,0.623206106870229,0.4772645094269748
2018-07-23,3990.0,-0.08316661775664906,0.6320610687022901,0.5684181204208143
2018-07-24,4024.0,-0.7584205254651916,0.6424427480916031,0.4917420869432903
2018-07-25,3981.0,-0.7191696334632048,0.6293129770992366,0.49619908108254684
2018-07-26,4016.0,-0.6035445639352126,0.64,0.5093284707843477
2018-07-27,4020.0,-0.22838505394642372,0.6412213740458015,0.5519283622013819
2018-07-30,4132.0,-0.4718175898986018,0.6754198473282442,0.5242862544503456
2018-07-31,4130.0,-0.6547049881186803,0.6748091603053435,0.5035191324708121
2018-08-01,4169.0,-0.5690337317696208,0.6867175572519084,0.5132472244446498
2018-08-02,4131.0,-0.05993922514956796,0.6751145038167939,0.5710556236071044
2018-08-03,4130.0,-0.9033483212999013,0.6748091603053435,0.4752853313460425
2018-08-06,4190.0,-0.5432760316024894,0.6931297709923664,0.5161720476226764
2018-08-07,4222.0,-1.0317337991279683,0.7029007633587786,0.4607069792867728
2018-08-08,4237.0,-0.8789931856901895,0.7074809160305343,0.4780508913406482
2018-08-09,4227.0,-0.612391921791585,0.7044274809160306,0.5083238408230271
2018-08-10,4227.0,-2.3974742529908255,0.7044274809160306,0.30562522475482123
2018-08-13,4202.0,-0.7204797552936375,0.696793893129771,0.4960503149011399
2018-08-14,4345.0,-0.861743682023138,0.7404580152671756,0.48000959680765365
2018-08-15,4330.0,-0.9030652666207317,0.7358778625954199,0.47531747260403195
2018-08-16,4346.0,-1.062533754865857,0.740763358778626,0.4572096008779922
2018-08-17,4166.0,-1.0381510522740975,0.6858015267175572,0.45997829114228483
2018-08-20,4282.0,-0.268142086661852,0.7212213740458016,0.5474138950703438
2018-08-21,4392.0,-0.5217224633723914,0.7548091603053435,0.5186194856904979
2018-08-22,4337.0,-0.798011338976588,0.7380152671755725,0.4872464942372759
2018-08-23,4333.0,-0.8256261865557284,0.736793893129771,0.4841107893516275
2018-08-24,4276.0,-0.5616572334114511,0.7193893129770992,0.5140848362357126
2018-08-27,4332.0,-0.10179547104752269,0.7364885496183207,0.566302787858836
2018-08-28,4205.0,-0.34664982299942226,0.6977099236641221,0.5384992308959567
2018-08-29,4237.0,-0.4255556992217119,0.7074809160305343,0.5295393573761947
2018-08-30,4167.0,-0.23956271032975035,0.6861068702290076,0.5506591235560897
2018-08-31,4103.0,-0.08894829975554487,0.6665648854961832,0.5677616022763905
2018-09-03,4080.0,0.27666855177662425,0.6595419847328244,0.6092779113684184
2018-09-04,4094.0,0.6251532734927431,0.6638167938931298,0.6488488429597451
2018-09-05,4115.0,-0.12510614375058243,0.6702290076335878,0.5636558281002042
2018-09-06,4101.0,0.39022293186674506,0.6659541984732824,0.6221721713644194
2018-09-07,4158.0,0.2473184822624019,0.6833587786259542,0.605945169584995
2018-09-10,4185.0,1.0184869303452564,0.6916030534351145,0.693512434382718
2018-09-11,4270.0,0.6984550231310842,0.7175572519083969,0.6571723600028431
2018-09-12,4099.0,0.6824410292516292,0.6653435114503817,0.655353948414561
2018-09-13,4034.0,0.6846088022325146,0.6454961832061069,0.6556001020935794
2018-09-14,4068.0,0.7464123023837657,0.6558778625954198,0.6626179766923457
2018-09-17,4096.0,1.0449831952360569,0.6644274809160305,0.6965211226266568
2018-09-18,4100.0,0.27268629045287346,0.665648854961832,0.6088257199792381
2018-09-19,4180.0,0.1780529591330796,0.6900763358778625,0.5980799717539674
2018-09-20,4153.0,0.4032997434227823,0.6818320610687023,0.6236570617578012
2018-09-21,4116.0,0.38498362351248244,0.6705343511450381,0.6215772405122103
2018-09-25,4150.0,0.8137910429310069,0.6809160305343511,0.6702689277003977
2018-09-26,4065.0,0.6796807980548233,0.6549618320610687,0.6550405202696278
2018-09-27,4078.0,0.28647214516648517,0.6589312977099236,0.61039112322307
2018-09-28,3996.0,0.5014428298755366,0.6338931297709923,0.6348013476279497
2018-10-08,3947.0,0.7203676434488558,0.6189312977099236,0.6596605689415626
2018-10-09,3979.0,0.2686577047899691,0.6287022900763358,0.6083682683960192
2018-10-10,4043.0,0.16410842979532891,0.6482442748091604,0.5964965507827982
2018-10-11,4045.0,0.17165845002803373,0.648854961832061,0.5973538662274186
2018-10-12,4068.0,0.13874537219066052,0.6558778625954198,0.5936165398242724
2018-10-15,4108.0,0.8374913490883791,0.6680916030534351,0.6729601308872358
2018-10-16,4160.0,0.05074328427557796,0.683969465648855,0.5836237786391253
2018-10-17,4117.0,0.07756644716858835,0.6708396946564885,0.5866695866122134
2018-10-18,4205.0,0.40779116944012395,0.6977099236641221,0.6241670695159734
2018-10-19,4099.0,0.026803935059115755,0.6653435114503817,0.5809054317758238
2018-10-22,4055.0,0.4688292208469922,0.6519083969465649,0.6310980263303634
2018-10-23,4156.0,0.18903513245983164,0.6827480916030534,0.5993270130225112
2018-10-24,4128.0,-0.40073189933558584,0.6741984732824428,0.5323581348603074
2018-10-25,4194.0,-0.30531030449370355,0.694351145038168,0.5431933915201369
2018-10-26,4184.0,-0.23240313417789685,0.6912977099236641,0.551472103524717
2018-10-29,4230.0,-0.16596931391248457,0.7053435114503817,0.5590157575022209
2018-10-30,4159.0,0.13453905874332744,0.6836641221374046,0.5931389070004964
2018-10-31,4170.0,-0.1680801700355261,0.6870229007633588,0.558776066812676
2018-11-01,4135.0,-0.26246208947931626,0.6763358778625954,0.5480588667604718
2018-11-02,4050.0,-0.09920304355187771,0.650381679389313,0.5665971616568621
2018-11-05,4065.0,-0.31408761780586786,0.6549618320610687,0.5421967152155894
2018-11-06,4057.0,-0.2860804198994084,0.6525190839694657,0.5453769720342055
2018-11-07,3956.0,-0.485763202541643,0.6216793893129771,0.5227027104683329
2018-11-08,3941.0,-0.08899996126482539,0.6170992366412213,0.5677557360391575
2018-11-09,3982.0,-0.33140216753614715,0.629618320610687,0.5402306236763751
2018-11-12,3922.0,0.14754754720511257,0.6112977099236642,0.5946160392101753
2018-11-13,3850.0,0.005749084482559563,0.5893129770992367,0.578514623800864
2018-11-14,3850.0,-0.24907361721787086,0.5893129770992367,0.5495791466664633
2018-11-15,3941.0,-0.5608035425110087,0.6170992366412213,0.5141817740413507
2018-11-16,3889.0,0.04546503321603736,0.6012213740458016,0.5830244257878141
2018-11-19,3870.0,-0.708603476444643,0.5954198473282443,0.49739888311262065
2018-11-20,3833.0,-0.5006517630435765,0.5841221374045802,0.5210120934271782
2018-11-21,3728.0,-0.5207138945046297,0.5520610687022901,0.5187340101077371
2018-11-22,3723.0,-0.34439006634032066,0.5505343511450381,0.538755829451354
2018-11-23,3730.0,-0.3896221432941588,0.5526717557251909,0.5336196633260224
2018-11-26,3600.0,-0.017332950009831954,0.5129770992366413,0.575893626233484
2018-11-27,3545.0,0.057847213665688,0.4961832061068702,0.5844304398394824
2018-11-28,3230.0,0.6443687487756912,0.4,0.65103078727619
2018-11-29,3293.0,0.0875975806118604,0.41923664122137405,0.5878086359608116
2018-11-30,3306.0,-0.09021639434689326,0.423206106870229,0.5676176083472493
2018-12-03,3305.0,0.1734541464673114,0.42290076335877863,0.5975577700904274
2018-12-04,3306.0,-0.07448735545322659,0.423206106870229,0.5694036628950456
2018-12-05,3389.0,-0.2903102486784743,0.4485496183206107,0.5448966690113495
2018-12-06,3470.0,-0.20823665329950664,0.4732824427480916,0.5542162415085363
2018-12-07,3360.0,-0.676792025500428,0.4396946564885496,0.5010111182285114
2018-12-10,3388.0,-0.12910345781390475,0.4482442748091603,0.5632019274512179
2018-12-11,3306.0,0.1336776579701496,0.423206106870229,0.5930410937279367
2018-12-12,3340.0,-0.12652922408810552,0.433587786259542,0.5634942353210208
2018-12-13,3325.0,-0.7772646102644463,0.42900763358778626,0.48960231454001135
2018-12-14,3416.0,-0.7225893469419565,0.456793893129771,0.4958107677944829
2018-12-17,3448.0,-0.7270172284098727,0.4665648854961832,0.49530797560950973
2018-12-18,3430.0,-1.8587750232925546,0.46106870229007635,0.3667952819720088
2018-12-19,3432.0,-1.9936145213252412,0.4616793893129771,0.35148406681690986
2018-12-20,3433.0,-2.6995894542705976,0.4619847328244275,0.2713196176003117
2018-12-21,3500.0,-1.2436699929821466,0.48244274809160304,0.43664132559776647
2018-12-24,3515.0,-2.8372062862058365,0.4870229007633588,0.2556930322639235
2018-12-25,3442.0,-1.3555647281999674,0.46473282442748093,0.42393552061748124
2018-12-26,3393.0,-1.023032798135621,0.4497709923664122,0.4616949902197878
2018-12-27,3418.0,-2.634528477732266,0.45740458015267177,0.2787073832365925
2018-12-28,3387.0,-1.3607905992385405,0.4479389312977099,0.4233421155914184
2019-01-02,3398.0,-0.8943378351378279,0.45129770992366414,0.47630848475652243
2019-01-03,3378.0,-2.1361979095956087,0.4451908396946565,0.33529352200472584
2019-01-04,3460.0,-1.5680774935658837,0.47022900763358777,0.3998043964202238
2019-01-07,3490.0,-0.9744648717541223,0.47938931297709925,0.4672099467519152
2019-01-08,3521.0,-0.9535925973192407,0.48885496183206106,0.46958002294851503
2019-01-09,3505.0,-0.6544858044294182,0.48396946564885496,0.5035440210878251
2019-01-10,3512.0,-0.8275575071358721,0.4861068702290076,0.4838914851761633
2019-01-11,3517.0,-1.0747984378140427,0.48763358778625954,0.4558169288333126
2019-01-14,3535.0,-0.46815581754566415,0.49312977099236643,0.5247020538649299
2019-01-15,3576.0,-0.48682536949688054,0.5056488549618321,0.5225820999126756
2019-01-16,3519.0,-0.23498103059758926,0.48824427480916033,0.5511793797508573
2019-01-17,3529.0,-0.48219954859281194,0.4912977099236641,0.5231073683997622
2019-01-18,3552.0,-0.7497187314991878,0.4983206106870229,0.4927301879195823
2019-01-21,3636.0,-0.35607210217553137,0.5239694656488549,0.537429317808014
2019-01-22,3650.0,-0.3065797316870862,0.5282442748091603,0.5430492462721555
2019-01-23,3639.0,-0.5711833338389125,0.5248854961832061,0.5130031340982678
2019-01-24,3647.0,0.1481107763484539,0.5273282442748092,0.5946799946736792
2019-01-25,3684.0,-0.10834531655842607,0.5386259541984733,0.5655590436643435
2019-01-28,3712.0,0.11107494643942206,0.547175572519084,0.5904745239588047
2019-01-29,3680.0,0.22514222047733667,0.5374045801526718,0.6034270237858715
2019-01-30,3683.0,-0.12336870807849956,0.5383206106870229,0.5638531163709374
2019-01-31,3682.0,-0.18006797735591676,0.5380152671755725,0.5574148343859884
2019-02-01,3696.0,-0.0486057815228116,0.5422900763358779,0.5723425521135824
2019-02-11,3850.0,0.38380791188725877,0.5893129770992367,0.621443736799153
2019-02-12,3818.0,0.26926116503736036,0.5795419847328245,0.6084367921581229
2019-02-13,3780.0,0.44190345884886617,0.5679389312977099,0.6280405680842019
2019-02-14,3711.0,0.4205565159161229,0.5468702290076336,0.6256165926102825
2019-02-15,3680.0,0.6006028130410292,0.5374045801526718,0.6460611035538789
2019-02-18,3615.0,0.42822511915502304,0.517557251908397,0.6264873733224846
2019-02-19,3670.0,0.571039360172078,0.5343511450381679,0.6427041317896083
2019-02-20,3650.0,0.10915072747014398,0.5282442748091603,0.5902560261812693
2019-02-21,3640.0,0.1922666696936946,0.5251908396946565,0.5996939586325979
2019-02-22,3669.0,0.5131509941933377,0.5340458015267175,0.636130826197335
2019-02-25,3736.0,0.37453665434536765,0.5545038167938932,0.6203909724307495
2019-02-26,3677.0,0.3276393714109489,0.5364885496183206,0.6150657198180145
2019-02-27,3737.0,-0.04010309435941456,0.5548091603053436,0.5733080442316538
2019-02-28,3728.0,-0.0678845527873907,0.5520610687022901,0.5701534204491621
2019-03-01,3756.0,-0.2127605758348337,0.5606106870229007,0.5537025437249196
2019-03-04,3815.0,0.5274922016942979,0.5786259541984733,0.6377592905333405
2019-03-05,3822.0,0.3908118034813344,0.580763358778626,0.622239038566695
2019-03-06,3790.0,0.3066905904903755,0.5709923664122137,0.6126869562020733
2019-03-07,3748.0,0.19879661588691072,0.5581679389312977,0.6004354432315047
2019-03-08,3821.0,-0.16849307486527876,0.5804580152671756,0.5587291808869704
2019-03-11,3710.0,0.047908162481083594,0.5465648854961832,0.5833018465612122
2019-03-12,3729.0,0.03791947879682567,0.5523664122137405,0.5821676174426136
2019-03-13,3825.0,-0.5922040511183619,0.5816793893129771,0.51061620200733
2019-03-14,3772.0,-0.4391286543157211,0.5654961832061068,0.5279981291844041
2019-03-15,3796.0,-0.4947512071892276,0.572824427480916,0.5216821098655271
2019-03-18,3758.0,0.2100314133448548,0.5612213740458015,0.6017111703264012
2019-03-19,3785.0,0.25822075589091603,0.5694656488549619,0.6071831381301276
2019-03-20,3800.0,-0.36228970107965636,0.5740458015267176,0.5367233006842622
2019-03-21,3780.0,-0.051263650652301956,0.5679389312977099,0.572040747325746
2019-03-22,3765.0,-0.16810199014251304,0.5633587786259542,0.5587735891087564
2019-03-25,3763.0,0.39130983214916215,0.5627480916030534,0.6222955904242574
2019-03-26,3699.0,0.06899687774675423,0.543206106870229,0.5856964999193777
2019-03-27,3707.0,-0.07285308795496562,0.545648854961832,0.5695892362741515
2019-03-28,3709.0,-0.3371327785395152,0.5462595419847328,0.5395799047155149
2019-03-29,3690.0,0.24877668676746945,0.5404580152671755,0.6061107507629361
2019-04-01,3470.0,0.09619311813719766,0.4732824427480916,0.5887846713684208
2019-04-02,3492.0,-0.05149765930788916,0.48,0.5720141753129001
2019-04-03,3560.0,-0.10285272331262713,0.500763358778626,0.5661827353731742
2019-04-04,3590.0,-0.08537000612010426,0.5099236641221374,0.5681679225648795
2019-04-08,3614.0,0.19557815999811687,0.5172519083969466,0.6000699830265982
2019-04-09,3735.0,0.06835893728807776,0.5541984732824428,0.5856240608806579
2019-04-10,3760.0,-0.41397934844840123,0.5618320610687023,0.5308538683317168
2019-04-11,3776.0,-0.5063216312681393,0.5667175572519084,0.5203682718945121
2019-04-12,3810.0,-0.4422953112870808,0.5770992366412214,0.5276385508196201
2019-04-15,3820.0,-0.008743989493412471,0.5801526717557252,0.5768689148124556
2019-04-16,3832.0,-0.24919422773736402,0.5838167938931298,0.5495654511718873
2019-04-17,3779.0,-0.5109720682073242,0.5676335877862595,0.5198402082219239
2019-04-18,3789.0,-0.4183347010504478,0.5706870229007633,0.5303593119017448
2019-04-19,3699.0,-0.6911066663606519,0.543206106870229,0.4993856705720263
2019-04-23,3776.0,-0.174987551642649,0.5667175572519084,0.5579917238902529
2019-04-24,3750.0,-0.2768128177856437,0.5587786259541985,0.5464293213235903
2019-04-25,3727.0,-0.7010117063613763,0.5517557251908397,0.4982609393116489
2019-04-26,3712.0,-0.3331452113775404,0.547175572519084,0.5400326985901079
2019-04-29,3743.0,0.09906535965907642,0.5566412213740458,0.5891108184437254
2019-04-30,3783.0,-0.24067059284492523,0.5688549618320611,0.5505333219341324
2019-05-06,3760.0,-0.20197287255210922,0.5618320610687023,0.5549275026457182
2019-05-07,3756.0,-0.3599449492772229,0.5606106870229007,0.5369895505580468
2019-05-08,3757.0,-0.7008861087693197,0.5609160305343511,0.49827520109534734
2019-05-09,3721.0,-0.5957819033639895,0.5499236641221374,0.5102099318392768
2019-05-10,3711.0,-0.6264615944456846,0.5468702290076336,0.5067262096518067
2019-05-13,3747.0,0.07378073626344892,0.5578625954198473,0.5862397138002458
2019-05-14,3680.0,-0.23373551938293735,0.5374045801526718,0.5513208093057272
2019-05-15,3659.0,-0.48907105561049,0.5309923664122137,0.5223270990875616
2019-05-16,3701.0,-0.4071807489710416,0.5438167938931298,0.5316258588898984
2019-05-17,3750.0,-0.8672747750429384,0.5587786259541985,0.479381533395192
2019-05-20,3770.0,-0.2898335115770591,0.5648854961832062,0.5449508031815198
2019-05-21,3780.0,-0.324629603685049,0.5679389312977099,0.5409996578524788
2019-05-22,3913.0,-1.6825981405691222,0.6085496183206107,0.3868004154535885
2019-05-23,3910.0,-0.6038469087755796,0.6076335877862595,0.509294139101351
2019-05-24,3879.0,-1.2665288770819063,0.5981679389312977,0.43404566707216113
2019-05-27,3893.0,-0.7197030767848606,0.602442748091603,0.49613850784109986
2019-05-28,3835.0,-1.0398215480069914,0.5847328244274809,0.45978860399604665
2019-05-29,3835.0,-1.024912646135466,0.5847328244274809,0.4614815308284044
2019-05-30,3820.0,-0.6292084924109358,0.5801526717557252,0.5064142955141192
2019-05-31,3775.0,-0.8204076074059423,0.566412213740458,0.4847033663734353
2019-06-03,3740.0,-0.8596539971542437,0.5557251908396946,0.48024688347143407
2019-06-04,3716.0,-0.6965998883744154,0.5483969465648855,0.49876190746570653
2019-06-05,3752.0,-0.6282756239376761,0.5593893129770993,0.5065202240448086
2019-06-06,3741.0,-0.7361989882355352,0.556030534351145,0.4942653738329955
2019-06-10,3716.0,-0.38294859477202625,0.5483969465648855,0.5343774541718885
2019-06-11,3718.0,-0.500992199048506,0.5490076335877863,0.5209734364387285
2019-06-12,3836.0,-0.707599203143342,0.5850381679389313,0.4975129197622306
2019-06-13,3768.0,-0.7166075245004266,0.5642748091603054,0.49649001216841
2019-06-14,3800.0,-0.5703375895797379,0.5740458015267176,0.5130991695515833
2019-06-17,3750.0,-1.081079712685145,0.5587786259541985,0.4551036812137135
2019-06-18,3700.0,-0.8364937645446349,0.5435114503816794,0.48287676054530076
2019-06-19,3740.0,-0.7133618206703509,0.5557251908396946,0.4968585664154747
2019-06-20,3750.0,-0.5391045245899911,0.5587786259541985,0.5166457281266923
2019-06-21,3825.0,-0.44108761998964174,0.5816793893129771,0.5277756858695559
2019-06-24,3857.0,-0.812071161782093,0.5914503816793893,0.4856499815302539
2019-06-25,3920.0,-0.6841925008925964,0.6106870229007634,0.5001707838114251
2019-06-26,3995.0,-0.5396885067538861,0.6335877862595419,0.516579416128438
2019-06-27,4008.0,-0.45363097425591764,0.637557251908397,0.5263513703037191
2019-06-28,4004.0,-0.7375566147514211,0.6363358778625954,0.4941112134275633
2019-07-01,4070.0,-0.3141918473224735,0.6564885496183206,0.5421848798069921
2019-07-02,4102.0,-0.9262220499235538,0.6662595419847328,0.47268798720381516
2019-07-03,4045.0,-0.8023284885295123,0.648854961832061,0.48675627581740655
2019-07-04,4027.0,-0.6208989601112734,0.6433587786259543,0.5073578546250226
2019-07-05,4020.0,-0.45861225112821286,0.6412213740458015,0.5257857392901689
2019-07-08,3980.0,-0.29719214469977195,0.6290076335877862,0.5441152200131371
2019-07-09,3990.0,-0.8988474374805373,0.6320610687022901,0.4757964130509721
2019-07-10,4040.0,-0.8095443086206111,0.6473282442748092,0.4859369092701614
2019-07-11,4020.0,-0.6692259997642996,0.6412213740458015,0.5018702511206169
2019-07-12,4020.0,-0.6635411685986214,0.6412213740458015,0.5025157717163478
2019-07-15,3957.0,-0.9036665627182722,0.6219847328244275,0.4752491945841958
2019-07-16,4029.0,-0.7205118978070453,0.6439694656488549,0.49604666507341433
2019-07-17,4026.0,-0.74123212331178,0.6430534351145039,0.4936938542472553
2019-07-18,4038.0,-0.8377837605810907,0.6467175572519084,0.48273027967618176
2019-07-19,3958.0,-0.618527269790399,0.6222900763358779,0.5076271634055654
2019-07-22,3999.0,-0.9247685094069782,0.6348091603053435,0.4728530387792856
2019-07-23,3943.0,-1.1379060124541818,0.6177099236641221,0.44865097473729987
2019-07-24,3930.0,-1.1613246755881277,0.6137404580152672,0.44599175251295053
2019-07-25,3890.0,-1.216656575930547,0.601526717557252,0.4397087371988628
2019-07-26,3950.0,-0.7476845821384733,0.6198473282442748,0.49296116844809157
2019-07-29,3930.0,-0.763951525831585,0.6137404580152672,0.49111403405175363
2019-07-30,3880.0,-0.9262630706160059,0.5984732824427481,0.47268332924633893
2019-07-31,3871.0,-0.9793630891264657,0.5957251908396947,0.46665374726171677
2019-08-01,3888.0,-1.0120565396106942,0.6009160305343512,0.46294135985424323
2019-08-02,3839.0,-1.2734888060053158,0.5859541984732825,0.4332553573278703
2019-08-05,3817.0,-0.6978001107206476,0.5792366412213741,0.4986256205257132
2019-08-06,3753.0,-0.6700899062800606,0.5596946564885497,0.5017721533174532
2019-08-07,3700.0,-1.1059727343673609,0.5435114503816794,0.4522770434970367
2019-08-08,3707.0,-0.9731524379797578,0.545648854961832,0.46735897545781585
2019-08-09,3688.0,-0.5916994870075611,0.5398473282442748,0.5106734959736584
2019-08-12,3584.0,-0.8051198700902926,0.5080916030534351,0.4864393105047151
2019-08-13,3678.0,-0.7203027796534844,0.536793893129771,0.496070410734654
2019-08-14,3683.0,-0.854865857291935,0.5383206106870229,0.4807905835051345
2019-08-15,3676.0,-0.7612373746343912,0.5361832061068702,0.4914222297477479
2019-08-16,3711.0,-0.6271001174321366,0.5468702290076336,0.5066537044662366
2019-08-19,3707.0,-0.7802568537127191,0.545648854961832,0.4892625410767356
2019-08-20,3755.0,-0.7940062179201764,0.5603053435114503,0.4877012813813371
2019-08-21,3701.0,-0.7420681920543055,0.5438167938931298,0.49359891746249984
2019-08-22,3678.0,-0.8826975519836525,0.536793893129771,0.47763025532405046
2019-08-23,3718.0,-0.3948924600206122,0.5490076335877863,0.5330212114294224
2019-08-26,3430.0,-0.011141572616428924,0.46106870229007635,0.5765966658677151
2019-08-27,3362.0,0.3009285809221105,0.4403053435114504,0.6120326718898901
2019-08-28,3281.0,0.1038672036673694,0.41557251908396947,0.5896560746025282
2019-08-29,3315.0,-0.13993308546888394,0.4259541984732824,0.5619722079588271
2019-08-30,3283.0,-0.14509953746687249,0.4161832061068702,0.5613855500486165
2019-09-02,3341.0,0.4911693802653432,0.43389312977099237,0.6336347829368782
2019-09-03,3407.0,0.6895943841588119,0.45404580152671753,0.6561662219520826
2019-09-04,3395.0,0.6234956887542398,0.45038167938931295,0.6486606218751272
2019-09-05,3429.0,-0.008472119169489416,0.46076335877862595,0.5768997860711343
2019-09-06,3430.0,0.5970409130031606,0.46106870229007635,0.6456566447815127
2019-09-09,3411.0,0.4687526659781168,0.4552671755725191,0.6310893334170432
2019-09-10,3500.0,0.39829626052408096,0.48244274809160304,0.6230889092186371
2019-09-11,3479.0,0.2725149180919514,0.47603053435114506,0.6088062604059824
2019-09-12,3486.0,0.5198001908049334,0.4781679389312977,0.6368858518494181
2019-09-16,3561.0,1.1831318317644304,0.5010687022900764,0.7122080951245574
2019-09-17,3568.0,1.1791888125906982,0.503206106870229,0.7117603597368518
2019-09-18,3529.0,0.8522393595311283,0.4912977099236641,0.6746347882709637
2019-09-19,3487.0,0.8465630771093151,0.4784732824427481,0.6739902383971543
2019-09-20,3392.0,1.1101061530700247,0.4494656488549618,0.7039159263264645
2019-09-23,3388.0,0.8546940400849766,0.4482442748091603,0.6749135207094951
2019-09-24,3518.0,0.7662970736073074,0.48793893129770993,0.6648759205067002
2019-09-25,3490.0,0.7090446727585739,0.47938931297709925,0.6583748296517904
2019-09-26,3500.0,0.34468250559482333,0.48244274809160304,0.6170009917391787
2019-09-27,3447.0,0.5099781243935052,0.46625954198473285,0.6357705423571165
2019-09-30,3434.0,0.06192655747942149,0.4622900763358779,0.5848936550823081
2019-10-08,3458.0,0.11978869509569576,0.46961832061068703,0.5914639824070357
2019-10-09,3405.0,-0.18520926798302373,0.4534351145038168,0.5568310335849245
2019-10-10,3426.0,-0.01346944286717204,0.4598473282442748,0.5763323329179318
2019-10-11,3415.0,0.4207013495221991,0.45648854961832064,0.6256330386704998
2019-10-14,3407.0,0.35096993494267287,0.45404580152671753,0.6177149382082916
2019-10-15,3352.0,0.6884067995063443,0.43725190839694655,0.6560313700400381
2019-10-16,3343.0,0.3156107220577102,0.4345038167938931,0.6136998497209007
2019-10-17,3291.0,0.7702655677147987,0.41862595419847326,0.6653265486090595
2019-10-18,3325.0,0.6008016869413989,0.42900763358778626,0.646083685965722
2019-10-21,3314.0,0.9523590568785136,0.4256488549618321,0.6860035210956558
2019-10-22,3298.0,0.6337247591211747,0.420763358778626,0.6498221472405422
2019-10-23,3325.0,0.34059392566110147,0.42900763358778626,0.6165367277219034
2019-10-24,3310.0,0.3896772259721968,0.42442748091603055,0.6221102056905276
2019-10-25,3320.0,0.15906606007585827,0.42748091603053434,0.5959239825902968
2019-10-28,3347.0,0.8153128032102639,0.43572519083969463,0.6704417257261256
2019-10-29,3331.0,0.6404207373518352,0.4308396946564885,0.6505824850114427
2019-10-30,3351.0,0.6682132393445264,0.43694656488549616,0.6537383628062817
2019-10-31,3380.0,0.6664517807174138,0.44580152671755724,0.6535383466951272
2019-11-01,3363.0,0.5978650807045842,0.44061068702290074,0.645750230186268
2019-11-04,3375.0,0.37445199793100314,0.4442748091603053,0.6203813595755141
2019-11-05,3383.0,0.36553520620373137,0.44671755725190837,0.6193688453002358
2019-11-06,3430.0,0.006442292030719582,0.46106870229007635,0.5785933384955334
2019-11-07,3443.0,-0.003507224798447117,0.4650381679389313,0.5774635568285643
2019-11-08,3421.0,-0.08408901293081546,0.4583206106870229,0.5683133811480067
2019-11-11,3402.0,0.26952769223397965,0.45251908396946566,0.6084670566971612
2019-11-12,3373.0,-0.24593510028216797,0.4436641221374046,0.5499355296905147
2019-11-13,3448.0,-0.34621591501478644,0.4665648854961832,0.5385485017595183
2019-11-14,3447.0,-0.12841089101927125,0.46625954198473285,0.5632805693874208
2019-11-15,3511.0,-0.09443410380934361,0.4858015267175573,0.5671386814898857
2019-11-18,3548.0,0.09115304607668519,0.49709923664122135,0.5882123640783343
2019-11-19,3559.0,-0.03264760226427227,0.5004580152671756,0.5741546258729486
2019-11-20,3637.0,-0.1040657947865855,0.5242748091603053,0.5660449893966074
2019-11-21,3691.0,-0.24538993562386885,0.5407633587786259,0.5499974339062673
2019-11-22,3621.0,-0.3461592459416534,0.5193893129770992,0.5385549366126885
2019-11-25,3656.0,-0.6013730765891161,0.5300763358778626,0.5095750462347739
2019-11-26,3689.0,-0.6253188668232338,0.5401526717557252,0.5068559679848345
2019-11-27,3605.0,-0.5061504782181936,0.5145038167938931,0.520387706564697
2019-11-28,3589.0,-0.5673001488593322,0.509618320610687,0.513444075228848
2019-11-29,3616.0,-0.57325907891516,0.5178625954198474,0.5127674303176006
2019-12-02,3601.0,0.2560993017382619,0.5132824427480916,0.6069422440193746
2019-12-03,3631.0,0.512444752616845,0.5224427480916031,0.6360506314703674
2019-12-04,3586.0,0.41006574490265113,0.5087022900763358,0.6244253507673975
2019-12-05,3603.0,0.3289552566661507,0.5138931297709923,0.6152151404444317
2019-12-06,3399.0,-0.30128093416891333,0.4516030534351145,0.5436509322028195
2019-12-09,3441.0,0.15967528524362257,0.46442748091603053,0.5959931609672385
2019-12-10,3511.0,0.07427784974769326,0.4858015267175573,0.5862961617374216
2019-12-11,3505.0,-0.1888739075574093,0.48396946564885496,0.5564149085933016
2019-12-12,3534.0,-0.2724434019438575,0.49282442748091604,0.546925474654267
2019-12-13,3530.0,-0.2676770275828189,0.4916030534351145,0.5474667031846041
2019-12-16,3525.0,-0.5795306402582686,0.4900763358778626,0.5120552856828033
2019-12-17,3482.0,-0.47580442596200034,0.4769465648854962,0.5238335435930269
2019-12-18,3489.0,-0.10515761543007643,0.47908396946564885,0.5659210116228306
2019-12-19,3486.0,-0.5525584004095946,0.4781679389312977,0.5151180215544384
2019-12-20,3518.0,-0.9187580434077558,0.48793893129770993,0.47353553566958245
2019-12-23,3510.0,-1.0926000141697452,0.4854961832061069,0.45379553473396633
2019-12-24,3543.0,-1.1347200716263544,0.4955725190839695,0.44901274281118025
2019-12-25,3510.0,-0.6044457929139987,0.4854961832061069,0.5092261349628746
2019-12-26,3482.0,-0.6523995291334258,0.4769465648854962,0.5037809205897943
2019-12-27,3527.0,-0.7912554886164402,0.4906870229007634,0.4880136305729125
2019-12-30,3541.0,-0.656106644385407,0.4949618320610687,0.5033599724250802
2019-12-31,3545.0,-0.3817174114540807,0.4961832061068702,0.5345172567738818
2020-01-02,3584.0,-0.3276419831019066,0.5080916030534351,0.5406575979215741
2020-01-03,3547.0,-0.23452822742715765,0.496793893129771,0.5512307961894124
2020-01-06,3540.0,-0.45233320585421194,0.4946564885496183,0.526498733735873
2020-01-07,3558.0,-0.6031073367411023,0.5001526717557252,0.5093781185488259
2020-01-08,3574.0,-0.6256756020080545,0.5050381679389313,0.5068154602015226
2020-01-09,3617.0,-0.7346113326770244,0.5181679389312978,0.49444565436060955
2020-01-10,3559.0,-0.7608754857293311,0.5004580152671756,0.4914633227432608
2020-01-13,3565.0,-0.0944578874990617,0.5022900763358779,0.567135980818378
2020-01-14,3528.0,-0.5449788980912638,0.4909923664122137,0.515978684731458
2020-01-15,3570.0,-0.9059031368864914,0.5038167938931297,0.4749952284333308
2020-01-16,3537.0,-1.2485544103657773,0.49374045801526717,0.43608669311574744
2020-01-17,3565.0,-1.0356677496465405,0.5022900763358779,0.46026027365764943
2020-01-20,3599.0,0.07378618361880432,0.5126717557251909,0.5862403323551285
2020-01-21,3605.0,-0.1931871839770457,0.5145038167938931,0.5559251299731789
2020-01-22,3565.0,-0.31236293040604085,0.5022900763358779,0.5423925559020302
2020-01-23,3551.0,-0.6082866392586086,0.49801526717557254,0.5087900014440021
2020-02-03,3233.0,0.41721941364010123,0.40091603053435115,0.6252376599407886
2020-02-04,3209.0,0.6843499212619873,0.393587786259542,0.6555707057942967
2020-02-05,3298.0,0.49475542279814183,0.420763358778626,0.63404198312359
2020-02-06,3297.0,0.22180975073401263,0.4204580152671756,0.6030486171469983
2020-02-07,3300.0,0.3603649410592338,0.4213740458015267,0.6187817544018618
2020-02-10,3308.0,0.7170776733993759,0.42381679389312976,0.6592869882028594
2020-02-11,3316.0,0.6232779588904741,0.4262595419847328,0.6486358983420495
2020-02-12,3410.0,0.5585550123235109,0.4549618320610687,0.6412865164857144
2020-02-13,3400.0,0.27122915404813663,0.45190839694656487,0.6086602600855959
2020-02-14,3391.0,0.44663385429184704,0.4491603053435114,0.6285777111576553
2020-02-17,3393.0,0.7249271061119964,0.4497709923664122,0.6601783023568121
2020-02-18,3426.0,1.139641599802819,0.4598473282442748,0.7072697179544795
2020-02-19,3385.0,1.0386994504241651,0.44732824427480916,0.6958075945417977
2020-02-20,3395.0,1.2850962604741234,0.45038167938931295,0.7237862997969183
2020-02-21,3465.0,1.499163541896964,0.4717557251908397,0.7480939414846506
2020-02-24,3500.0,1.6009827462586848,0.48244274809160304,0.7596556557275008
2020-02-25,3435.0,1.561335077354783,0.46259541984732827,0.7551536070114888
2020-02-26,3470.0,1.4133528338302102,0.4732824427480916,0.738350014571611
2020-02-27,3445.0,1.7614881484922054,0.46564885496183206,0.7778812704992007
2020-02-28,3388.0,1.6285811092347513,0.4482442748091603,0.7627894887632234
2020-03-02,3321.0,1.9116954196669431,0.42778625954198474,0.7949375179665354
2020-03-03,3450.0,1.2406125995094421,0.467175572519084,0.7187351173625874
2020-03-04,3411.0,1.2435365589751182,0.4552671755725191,0.7190671370833439
2020-03-05,3478.0,1.0698243126669658,0.47572519083969467,0.6993418665424012
2020-03-06,3457.0,0.9563012046036217,0.46931297709923664,0.6864511575291411
2020-03-09,3350.0,1.5706030223505318,0.4366412213740458,0.7562059952356064
2020-03-10,3438.0,1.4768202357370506,0.4635114503816794,0.7455568275611936
2020-03-11,3496.0,1.218102799735966,0.4812213740458015,0.7161790978545175
2020-03-12,3497.0,1.0988226128179446,0.4815267175572519,0.7026346644185557
2020-03-13,3494.0,0.7928937305101019,0.4806106870229008,0.6678960084051757
2020-03-16,3560.0,1.2760783062288654,0.500763358778626,0.7227622983750611
2020-03-17,3548.0,0.9553093428164863,0.49709923664122135,0.6863385302244676
2020-03-18,3545.0,0.7710320940223181,0.4961832061068702,0.6654135887522497
2020-03-19,3548.0,0.3465084487192255,0.49709923664122135,0.6172083301559378
2020-03-20,3540.0,0.555239273376696,0.4946564885496183,0.640910009652379
2020-03-23,3435.0,0.9193332211940854,0.46259541984732827,0.682253390879963
2020-03-24,3415.0,0.9426749618984512,0.45648854961832064,0.6849038784539558
2020-03-25,3461.0,0.9892828350878091,0.47053435114503817,0.6901962681820074
2020-03-26,3360.0,0.895999946253556,0.4396946564885496,0.6796038646053922
2020-03-27,3351.0,0.9713588603860197,0.43694656488549616,0.6881609755778543
2020-03-30,3306.0,1.3758196587031677,0.423206106870229,0.7340880696058647
2020-03-31,3253.0,1.3051803413336551,0.4070229007633588,0.7260668755015102
2020-04-01,3245.0,1.3113511957402826,0.40458015267175573,0.7267675847216509
2020-04-02,3150.0,0.9752017271783873,0.3755725190839695,0.6885973385214189
2020-04-03,3230.0,1.2847054356913636,0.4,0.7237419210916867
2020-04-07,3218.0,1.7869849363274954,0.39633587786259544,0.7807764667140027
2020-04-08,3200.0,1.2141603371283463,0.39083969465648855,0.7157314256656789
2020-04-09,3257.0,1.2695999205951116,0.4082442748091603,0.7220266685503931
2020-04-10,3306.0,0.6889087588972865,0.423206106870229,0.6560883682367533
2020-04-13,3378.0,1.3836166750281262,0.4451908396946565,0.7349734318050798
2020-04-14,3393.0,1.044271719128909,0.4497709923664122,0.6964403335113515
2020-04-15,3378.0,0.7621090024771145,0.4451908396946565,0.664400359123761
2020-04-16,3363.0,0.9941731405423577,0.44061068702290074,0.6907515692627827
2020-04-17,3398.0,0.8628965695110152,0.45129770992366414,0.6758449294932007
2020-04-20,3399.0,1.3091075653734203,0.4516030534351145,0.7265128173294791
2020-04-21,3350.0,1.432068568048847,0.4366412213740458,0.740475212585458
2020-04-22,3320.0,1.3203876173401512,0.42748091603053434,0.7277936831376672
2020-04-23,3376.0,1.0587953178241816,0.4445801526717557,0.6980895086246832
2020-04-24,3325.0,0.8918080787399696,0.42900763358778626,0.679127872137765
2020-04-27,3345.0,1.3308737611399266,0.4351145038167939,0.7289843995539116
2020-04-28,3309.0,1.3535753113016074,0.42412213740458016,0.7315621925889724
2020-04-29,3292.0,1.24349220732815,0.41893129770992366,0.719062100891285
2020-04-30,3312.0,1.184454658925179,0.4250381679389313,0.712358304014139
2020-05-06,3385.0,1.2431085223674367,0.44732824427480916,0.7190185329229154
2020-05-07,3400.0,0.8749087277775617,0.45190839694656487,0.6772089270041646
2020-05-08,3443.0,0.84577373997108,0.4650381679389313,0.6739006080519679
2020-05-11,3460.0,1.2549225277564702,0.47022900763358777,0.7203600298951983
2020-05-12,3448.0,1.2561439216588646,0.4665648854961832,0.7204987208952505
2020-05-13,3470.0,1.4701524136394148,0.4732824427480916,0.7447996869589045
2020-05-14,3464.0,1.2472656095507204,0.4714503816793893,0.7194905760349888
2020-05-15,3442.0,0.8463841504967271,0.46473282442748093,0.6739699210279689
2020-05-18,3469.0,1.1587972324924012,0.4729770992366412,0.7094448670600564
2020-05-19,3527.0,0.9416549169177169,0.4906870229007634,0.6847880509079046
2020-05-20,3556.0,0.7657168257509275,0.4995419847328244,0.6648100325443306
2020-05-21,3535.0,0.503315671244696,0.49312977099236643,0.635014011406538
2020-05-22,3570.0,0.45694200863597245,0.5038167938931297,0.6297482166202061
2020-05-25,3516.0,0.5682923933788671,0.48732824427480914,0.6423922098364091
2020-05-26,3500.0,0.8313966049962582,0.48244274809160304,0.6722680641006397
2020-05-27,3486.0,0.5244064665466814,0.4781679389312977,0.6374089009557602
2020-05-28,3495.0,0.30492133392092613,0.48091603053435117,0.6124860546235695
2020-05-29,3498.0,0.8283520717449842,0.4818320610687023,0.6719223530564928
2020-06-01,3580.0,0.5327908592831463,0.5068702290076336,0.6383609605748323
2020-06-02,3569.0,0.7477809610524457,0.5035114503816794,0.6627733898142856
2020-06-03,3641.0,0.6350480127602829,0.5254961832061069,0.649972404557343
2020-06-04,3633.0,0.7298414937234801,0.5230534351145039,0.6607363380004685
2020-06-05,3607.0,0.8551380835053866,0.5151145038167939,0.674963942466082
2020-06-08,3605.0,1.1675411664714832,0.5145038167938931,0.7104377530942602
2020-06-09,3615.0,1.0540682470534846,0.517557251908397,0.6975527430724562
2020-06-10,3612.0,0.8804800023979372,0.5166412213740458,0.6778415530940365
2020-06-11,3585.0,0.9927009684620005,0.5083969465648855,0.6905844020469702
2020-06-12,3589.0,0.7611666158171775,0.509618320610687,0.6642933497895518
2020-06-15,3630.0,0.856215961482635,0.5221374045801527,0.6750863370304447
2020-06-16,3577.0,0.6956192371447005,0.5059541984732825,0.6568503525050042
2020-06-17,3595.0,0.9952275916171744,0.5114503816793893,0.6908713036693372
2020-06-18,3589.0,1.0471274565996542,0.509618320610687,0.6967646065283756
2020-06-19,3615.0,0.6618171388203071,0.517557251908397,0.6530120765718416
2020-06-22,3645.0,0.6938329806571857,0.5267175572519084,0.6566475205618305
2020-06-23,3615.0,0.8729833085695023,0.517557251908397,0.6769902929378229
2020-06-24,3618.0,1.0874210953351697,0.518473282442748,0.7013400060297276
2020-06-29,3609.0,0.7490006586609361,0.5157251908396947,0.6629118881977727
2020-06-30,3551.0,0.7888515041751001,0.49801526717557254,0.667437007904404
2020-07-01,3568.0,0.865773682181177,0.503206106870229,0.6761716296942623
2020-07-02,3565.0,0.7934698317220309,0.5022900763358779,0.6679614255102203
2020-07-03,3575.0,0.6137221878724634,0.5053435114503817,0.6475508270672057
2020-07-06,3622.0,1.2805272295996717,0.5196946564885496,0.7232674798977813
2020-07-07,3618.0,1.0113807124112368,0.518473282442748,0.6927055133149725
2020-07-08,3638.0,0.7310739766394159,0.5245801526717557,0.6608762881736462
2020-07-09,3708.0,1.1834300918063383,0.5459541984732824,0.7122419629729286
2020-07-10,3724.0,0.693898887933368,0.5508396946564885,0.6566550044259849
2020-07-13,3692.0,0.7586671322975103,0.5410687022900763,0.6640095299110694
2020-07-14,3740.0,0.5656867201485642,0.5557251908396946,0.6420963319665332
2020-07-15,3744.0,0.8152032590974536,0.5569465648854962,0.6704292868376346
2020-07-16,3740.0,0.7484851433691407,0.5557251908396946,0.6628533507093989
2020-07-17,3705.0,0.9528350282352901,0.5450381679389313,0.6860575683144424
2020-07-20,3721.0,0.8596394411084566,0.5499236641221374,0.6754750779698195
2020-07-21,3700.0,1.2113262490542405,0.5435114503816794,0.7154096109681738
2020-07-22,3770.0,1.1439489374850884,0.5648854961832062,0.7077588222225991
2020-07-23,3773.0,1.129123364737216,0.5658015267175572,0.7060753575297446
2020-07-24,3804.0,1.297227094776512,0.575267175572519,0.7251637731391115
2020-07-27,3750.0,1.2354388486497556,0.5587786259541985,0.7181476306563381
2020-07-28,3722.0,1.3424090257990262,0.5502290076335878,0.7302942451232244
2020-07-29,3720.0,1.2071404936668952,0.549618320610687,0.7149343125411007
2020-07-30,3768.0,1.4095397916033159,0.5642748091603054,0.737917038249515
2020-07-31,3765.0,1.3326698547956486,0.5633587786259542,0.7291883485214078
2020-08-03,3771.0,1.101081746041798,0.5651908396946564,0.7028911921820012
2020-08-04,3832.0,1.3896352679707265,0.5838167938931298,0.7356568515212579
2020-08-05,3835.0,1.6190418807784466,0.5847328244274809,0.76170629591959
2020-08-06,3836.0,1.6090465199323445,0.5850381679389313,0.7605713085998477
2020-08-07,3888.0,1.5930752303813933,0.6009160305343512,0.7587577461482898
2020-08-10,3830.0,1.5396175829969487,0.583206106870229,0.752687554900691
2020-08-11,3822.0,1.5365521824202943,0.580763358778626,0.7523394743423196
2020-08-12,3795.0,1.3499909336453317,0.5725190839694656,0.7311551814513378
2020-08-13,3810.0,0.8564186199722927,0.5770992366412214,0.6751093491877386
2020-08-14,3790.0,0.8818679697986882,0.5709923664122137,0.6779991587497325
2020-08-17,3792.0,1.0806235967352296,0.5716030534351145,0.7005681404777293
2020-08-18,3832.0,0.8380598531406778,0.5838167938931298,0.6730246853240908
2020-08-19,3840.0,0.4022441146035896,0.5862595419847328,0.623537193616712
2020-08-20,3794.0,0.20925924167570323,0.5722137404580153,0.6016234891444362
2020-08-21,3765.0,0.8141398897242382,0.5633587786259542,0.6703085397457201
2020-08-24,3775.0,1.0068638040411513,0.566412213740458,0.6921926119997105
2020-08-25,3781.0,1.0074705825376558,0.5682442748091603,0.6922615125536804
2020-08-26,3705.0,1.1178867474979244,0.5450381679389313,0.7047994237961098
2020-08-27,3734.0,1.3873624473260517,0.5538931297709924,0.7353987695318759
2020-08-28,3714.0,1.4976136411832375,0.5477862595419848,0.7479179480729045
2020-08-31,3730.0,1.6261164423805279,0.5526717557251909,0.7625096223662013
2020-09-01,3775.0,1.5257914089665097,0.566412213740458,0.7511175733415739
2020-09-02,3774.0,1.6278319788838589,0.5661068702290076,0.7627044239554402
2020-09-03,3777.0,1.7873304257288691,0.5670229007633588,0.7808156975227452
2020-09-04,3792.0,1.5830908892387827,0.5716030534351145,0.7576240101314191
2020-09-07,3755.0,1.6171689434793965,0.5603053435114503,0.7614936212480274
2020-09-08,3741.0,1.5167358335853647,0.556030534351145,0.7500892999866827
2020-09-09,3705.0,1.8084242005984115,0.5450381679389313,0.7832109254060653
2020-09-10,3675.0,1.9290369529841718,0.5358778625954198,0.7969066735301007
2020-09-11,3640.0,1.976382384589196,0.5251908396946565,0.8022828140563716
2020-09-14,3678.0,2.1076031281849197,0.536793893129771,0.81718311454191
2020-09-15,3658.0,1.880648061471368,0.5306870229007633,0.7914120466597925
2020-09-16,3593.0,1.8056288259738449,0.5108396946564886,0.7828935066753498
2020-09-17,3575.0,2.1751182489406156,0.5053435114503817,0.8248495517149582
2020-09-18,3580.0,2.1488400672688313,0.5068702290076336,0.8218656271280843
2020-09-21,3596.0,2.082969615511485,0.5117557251908397,0.8143859444391454
2020-09-22,3541.0,2.1239437309214084,0.4949618320610687,0.8190386130264988
2020-09-23,3539.0,1.9828018714994036,0.49435114503816796,0.8030117558479207
2020-09-24,3545.0,1.7421851650819686,0.4961832061068702,0.7756893895114965
2020-09-25,3552.0,1.865414850841049,0.4983206106870229,0.7896822941105267
2020-09-28,3518.0,1.8049024726532072,0.48793893129770993,0.7828110282314727
2020-09-29,3546.0,1.5640892611809991,0.4964885496183206,0.7554663484689634
2020-09-30,3536.0,1.2692752989553635,0.4934351145038168,0.7219898073054115
2020-10-09,3596.0,2.2490794737703665,0.5117557251908397,0.8332479530960464
2020-10-12,3636.0,2.0931641095810622,0.5239694656488549,0.8155435436172351
2020-10-13,3637.0,1.629029686370562,0.5242748091603053,0.7628404253295876
2020-10-14,3625.0,1.610461373341645,0.5206106870229008,0.7607319671997297
2020-10-15,3623.0,1.5420722769388335,0.52,0.7529662888594527
2020-10-16,3603.0,1.5491455049706433,0.5138931297709923,0.7537694638772792
2020-10-19,3636.0,1.7240554958070111,0.5239694656488549,0.7736307399984853
2020-10-20,3620.0,1.5965930887705242,0.5190839694656488,0.7591572039293333
2020-10-21,3616.0,1.4085272693451343,0.5178625954198474,0.7378020649192184
2020-10-22,3654.0,1.2460249047369334,0.5294656488549618,0.7193496922537154
2020-10-23,3641.0,1.292450510860907,0.5254961832061069,0.7246213852994557
2020-10-26,3621.0,1.8195477968563505,0.5193893129770992,0.7844740254478829
2020-10-27,3613.0,1.576246152822042,0.5169465648854962,0.7568467806587074
2020-10-28,3620.0,1.5865475001985143,0.5190839694656488,0.7580165131804818
2020-10-29,3652.0,1.4210265726980964,0.528854961832061,0.7392213784417269
2020-10-30,3664.0,1.223177446753085,0.5325190839694657,0.716755331179685
2020-11-02,3703.0,1.7202318006883492,0.5444274809160305,0.7731965540255062
2020-11-03,3720.0,1.4291533492946942,0.549618320610687,0.7401441853848213
2020-11-04,3711.0,1.8680594081555946,0.5468702290076336,0.7899825873230035
2020-11-05,3760.0,1.6555617045369475,0.5618320610687023,0.765853173408389
2020-11-06,3748.0,1.5138304178865711,0.5581679389312977,0.7497593859368066
2020-11-09,3791.0,2.2207686861520943,0.5712977099236641,0.8300332232375253
2020-11-10,3875.0,1.7667433586891867,0.5969465648854961,0.7784780070280756
2020-11-11,3826.0,1.7438933200180384,0.5819847328244275,0.7758833529133631
2020-11-12,3838.0,1.9059157450614275,0.585648854961832,0.7942812277644609
2020-11-13,3830.0,1.4845958769629588,0.583206106870229,0.7464397625877678
2020-11-16,3840.0,1.873351037296241,0.5862595419847328,0.7905834592742903
2020-11-17,3853.0,1.7034372151086208,0.5902290076335878,0.7712895051488513
2020-11-18,3920.0,1.850415659674796,0.6106870229007634,0.7879791148014247
2020-11-19,3906.0,1.846921519605972,0.6064122137404581,0.7875823502691002
2020-11-20,3930.0,1.4325000571258226,0.6137404580152672,0.7405242087786434
2020-11-23,3981.0,1.75397990547366,0.6293129770992366,0.7770286989161632
2020-11-24,3911.0,1.303000216142845,0.6079389312977099,0.7258193192116353
2020-11-25,3900.0,1.343199262307469,0.6045801526717557,0.7303839775931662
2020-11-26,3855.0,1.853790180057854,0.5908396946564886,0.7883622963497404
2020-11-27,3884.0,1.3883944155679993,0.5996946564885496,0.7355159509810522
2020-11-30,3924.0,1.8914085828895917,0.6119083969465648,0.7926339190415447
2020-12-01,3900.0,1.6281755828236153,0.6045801526717557,0.762743440667357
2020-12-02,3891.0,1.6060189743212983,0.6018320610687022,0.7602275265262051
2020-12-03,3910.0,2.1812637634196355,0.6076335877862595,0.8255473835505842
2020-12-04,3868.0,2.142907616619213,0.5948091603053435,0.8211919889907537
2020-12-07,3899.0,2.159649078113559,0.6042748091603053,0.8230930055525969
2020-12-08,3921.0,1.926052959051013,0.6109923664122138,0.7965678368108997
2020-12-09,3904.0,1.9839696192240224,0.6058015267175573,0.8031443552488334
2020-12-10,3995.0,1.4283396657163885,0.6335877862595419,0.7400517904670312
2020-12-11,4045.0,1.966048164850271,0.648854961832061,0.8011093488314833
2020-12-14,4045.0,2.095770629336088,0.648854961832061,0.8158395176111872
2020-12-15,3988.0,2.2409474820994486,0.6314503816793893,0.8323245539739085
2020-12-16,4085.0,1.9669753399414918,0.6610687022900763,0.8012146308706132
2020-12-17,4155.0,1.8053901297223671,0.6824427480916031,0.7828664023793801
2020-12-18,4185.0,1.745950985322974,0.6916030534351145,0.7761170037105013
2020-12-21,4314.0,1.5808326247669473,0.7309923664122138,0.7573675810159903
2020-12-22,4470.0,1.1606438703300603,0.7786259541984732,0.7096545553906899
2020-12-23,4381.0,0.8508286460315478,0.7514503816793893,0.6744745997636685
2020-12-24,4283.0,0.7282402556830969,0.721526717557252,0.6605545151628834
2020-12-25,4278.0,0.8684389795673664,0.72,0.6764742779711223
2020-12-28,4340.0,0.9143608540388071,0.7389312977099237,0.6816887715773446
2020-12-29,4256.0,1.07339717546193,0.7132824427480916,0.6997475701512954
2020-12-30,4250.0,1.1219378376704026,0.7114503816793893,0.705259430798127
2020-12-31,4256.0,0.9409070589349134,0.7132824427480916,0.6847031305793122
2021-01-04,4354.0,2.0443348861595605,0.743206106870229,0.8099989164377289
2021-01-05,4388.0,1.767583230875681,0.753587786259542,0.7785733756992573
2021-01-06,4400.0,1.8120270266003113,0.7572519083969466,0.7836200313793618
2021-01-07,4377.0,1.576738504122622,0.7502290076335878,0.7569026878432125
2021-01-08,4455.0,1.7497720149764335,0.7740458015267175,0.7765508870161477
2021-01-11,4495.0,2.013909537593146,0.7862595419847328,0.8065440752015481
2021-01-12,4349.0,1.6422676435521806,0.741679389312977,0.7643436140360051
2021-01-13,4320.0,1.8054010731527432,0.732824427480916,0.782867645021332
2021-01-14,4289.0,1.957678339859289,0.7233587786259542,0.8001589434004546
2021-01-15,4305.0,1.8560377419048113,0.7282442748091603,0.7886175101670212
2021-01-18,4370.0,1.8379711820556943,0.7480916030534351,0.7865660268183126
2021-01-19,4392.0,1.8670393804178336,0.7548091603053435,0.7898667617349162
2021-01-20,4290.0,1.7867890138131957,0.7236641221374046,0.7807542194362099
2021-01-21,4310.0,2.0727459792759233,0.7297709923664122,0.8132250361270111
2021-01-22,4367.0,2.1058640542954663,0.747175572519084,0.8169856402492841
2021-01-25,4280.0,2.416090656053005,0.7206106870229008,0.8522123083669111
2021-01-26,4320.0,1.983332467270266,0.732824427480916,0.8030720057459594
2021-01-27,4314.0,1.9793935753871075,0.7309923664122138,0.8026247390179189
2021-01-28,4373.0,2.1340771355362884,0.7490076335877862,0.8201892754108582
2021-01-29,4265.0,2.497599612832963,0.716030534351145,0.8614677653549152
2021-02-01,4273.0,2.6119626307618,0.7184732824427481,0.8744538473178604
2021-02-02,4225.0,2.500900326947082,0.7038167938931298,0.8618425660973096
2021-02-03,4162.0,2.1335002019898583,0.6845801526717558,0.8201237637930573
2021-02-04,4181.0,2.1269265031744684,0.6903816793893129,0.8193773110222018
2021-02-05,4243.0,1.790838955875465,0.7093129770992367,0.7812140960686939
2021-02-08,4291.0,1.7147891485766467,0.723969465648855,0.7725785332028803
2021-02-09,4335.0,1.734787160453584,0.7374045801526717,0.7748493356531222
2021-02-10,4415.0,1.8197709515365899,0.7618320610687023,0.7844993649765215
2021-02-18,4486.0,3.1713283352573205,0.7835114503816794,0.9379706118925717
2021-02-19,4531.0,3.703317969495255,0.7972519083969466,0.9983787850832259
2021-02-22,4524.0,3.6881137399736064,0.7951145038167939,0.9966523233797193
2021-02-23,4565.0,3.343330168860239,0.8076335877862595,0.9575016626587752
2021-02-24,4550.0,3.1502399014327063,0.8030534351145038,0.9355759904924352
2021-02-25,4615.0,3.466109891097754,0.8229007633587786,0.9714434732653838
2021-02-26,4681.0,3.461920193696207,0.8430534351145038,0.9709677272170391
2021-03-01,4655.0,3.7175953343788732,0.8351145038167939,1.0
2021-03-02,4639.0,3.254605370327971,0.8302290076335878,0.9474268366638651
2021-03-03,4782.0,2.851507477630135,0.8738931297709923,0.9016545024909256
2021-03-04,4844.0,2.9068504588453172,0.8928244274809161,0.907938776053742
2021-03-05,4822.0,2.9415272828479586,0.8861068702290076,0.9118763783212261
2021-03-08,4701.0,3.3256210794934487,0.8491603053435115,0.9554907705874471
2021-03-09,4752.0,3.014738681681861,0.8647328244274809,0.9201896359030656
2021-03-10,4616.0,2.6773630878657,0.823206106870229,0.8818801614511041
2021-03-11,4608.0,2.4257473830087704,0.8207633587786259,0.853308843330857
2021-03-12,4729.0,2.506181562967834,0.8577099236641221,0.8624422578951758
2021-03-15,4729.0,2.7259923428421704,0.8577099236641221,0.8874020819316774
2021-03-16,4788.0,2.8197248187216406,0.8757251908396947,0.8980455367512941
2021-03-17,4689.0,2.485672163598146,0.8454961832061069,0.8601133866739626
2021-03-18,4781.0,2.4712194006178785,0.873587786259542,0.858472255055964
2021-03-19,4741.0,2.3392833739710137,0.8613740458015268,0.8434907331712612
2021-03-22,4764.0,2.554194780955267,0.8683969465648855,0.8678942265068955
2021-03-23,4763.0,2.595356412373804,0.8680916030534351,0.8725681878014662
2021-03-24,4703.0,2.6096915584427864,0.8497709923664122,0.8741959638533225
2021-03-25,4818.0,2.424057861657003,0.8848854961832061,0.8531169957987654
2021-03-26,4789.0,2.473233505934041,0.8760305343511451,0.8587009595549477
2021-03-29,4946.0,2.6597208162344037,0.923969465648855,0.8798768566278691
2021-03-30,4976.0,2.1256859711683114,0.9331297709923664,0.8192364468634785
2021-03-31,4955.0,1.7863548590422913,0.9267175572519084,0.7807049205497196
2021-04-01,4941.0,1.9622358947507454,0.9224427480916031,0.800676460185539
2021-04-02,5030.0,1.8139563740039237,0.9496183206106871,0.7838391114978481
2021-04-06,5163.0,1.7161520484777166,0.9902290076335878,0.7727332924086368
2021-04-07,5147.0,1.4976656895649314,0.9853435114503817,0.7479238582400456
2021-04-08,5110.0,1.831347654602056,0.9740458015267176,0.7858139159353146
2021-04-09,5125.0,1.6344959988514947,0.9786259541984733,0.7634611328205059
2021-04-12,5066.0,2.076223435135782,0.9606106870229008,0.8136199061438792
2021-04-13,4992.0,1.7944406086895006,0.9380152671755725,0.7816230688248539
2021-04-14,5151.0,1.8673739077160647,0.9865648854961832,0.7899047477813878
2021-04-15,5129.0,1.8477273657120767,0.9798473282442748,0.7876738552308695
2021-04-16,5110.0,1.888714633418862,0.9740458015267176,0.7923280172800793
2021-04-19,5122.0,2.6587121203918134,0.9777099236641221,0.879762317792459
2021-04-20,5091.0,2.2477930483331625,0.9682442748091603,0.8331018776735077
2021-04-21,5158.0,2.0235831011720538,0.9887022900763359,0.8076425219877952
2021-04-22,5195.0,2.295909922902492,1.0,0.8385656166362806
