date,TE_icpi_to_open,TE_open_to_icpi,TE_net
2016-06-30,1.2737564502151086,1.2817684870749286,-0.008012036859819993
2016-07-01,1.28655016820056,1.2913467613152971,-0.004796593114737124
2016-07-04,1.2840381504616352,1.2894493575533554,-0.0054112070917202715
2016-07-05,1.292051888521172,1.2816960946237834,0.01035579389738861
2016-07-06,1.285574006439637,1.2694822273336566,0.016091779105980475
2016-07-07,1.2904289654170935,1.2534431421346834,0.03698582328241007
2016-07-08,1.2937974703597708,1.2450196004551517,0.048777869904619076
2016-07-11,1.2856196218541762,1.2467570363103102,0.03886258554386601
2016-07-12,1.2907122866272627,1.2345903170332522,0.0561219695940105
2016-07-13,1.2829029469987534,1.2341370950815191,0.04876585191723426
2016-07-14,1.2870436392388844,1.235326548398337,0.05171709084054732
2016-07-15,1.2847273572813365,1.2562576234560812,0.028469733825255306
2016-07-18,1.2866797881661778,1.2615571186199608,0.025122669546217002
2016-07-19,1.2830676209356058,1.2844492424075076,-0.001381621471901795
2016-07-20,1.2812342690779743,1.2818276082310582,-0.000593339153083905
2016-07-21,1.2710553889231075,1.2720895622218258,-0.001034173298718244
2016-07-22,1.2766895631444213,1.2574869709024659,0.01920259224195542
2016-07-25,1.2769230447721354,1.2562122128157431,0.02071083195639223
2016-07-26,1.2736468455779064,1.2311809508342668,0.0424658947436396
2016-07-27,1.276915768017743,1.2410035202750156,0.03591224774272739
2016-07-28,1.2808470705235737,1.2471178614701954,0.033729209053378284
2016-07-29,1.289689896937536,1.2539468141117112,0.035743082825824946
2016-08-01,1.2681360931465604,1.2444038887380602,0.023732204408500213
2016-08-02,1.262438809704969,1.241084240099431,0.021354569605537943
2016-08-03,1.2631224989293022,1.2437423602202853,0.019380138709016892
2016-08-04,1.267850391059613,1.2577000166486645,0.01015037441094857
2016-08-05,1.276826755621589,1.2575920167360026,0.019234738885586466
2016-08-08,1.276202456687651,1.262181934646014,0.014020522041637173
2016-08-09,1.267062066799204,1.2565382024453011,0.010523864353902956
2016-08-10,1.2706738933903503,1.266259414390087,0.004414479000263372
2016-08-11,1.2767670037548906,1.2989095824495709,-0.02214257869468028
2016-08-12,1.2689086609799922,1.2963986065384683,-0.02748994555847606
2016-08-15,1.2641394593377808,1.2995148284942017,-0.03537536915642092
2016-08-16,1.2667795237553021,1.3102899116424962,-0.04351038788719408
2016-08-17,1.2643316671572928,1.310494605767434,-0.0461629386101412
2016-08-18,1.2581225858861553,1.3384400327248536,-0.08031744683869824
2016-08-19,1.2548513948968243,1.328294441506824,-0.07344304660999978
2016-08-22,1.2550516371706724,1.3503978850664344,-0.09534624789576207
2016-08-23,1.2524977587305186,1.335304603796837,-0.08280684506631841
2016-08-24,1.2390254711838065,1.3471191456134552,-0.10809367442964879
2016-08-25,1.219390155715806,1.3210051899201365,-0.10161503420433049
2016-08-26,1.2000243026144601,1.3126733433391677,-0.1126490407247076
2016-08-29,1.1995863261866602,1.2999639134210654,-0.10037758723440526
2016-08-30,1.194302558024627,1.3138618986942177,-0.11955934066959073
2016-08-31,1.1960045810750206,1.319517653544785,-0.1235130724697644
2016-09-01,1.2060477305868014,1.3419567326482549,-0.1359090020614535
2016-09-02,1.2015736717860488,1.356539986227438,-0.1549663144413893
2016-09-05,1.201453475681521,1.3534141593491915,-0.15196068366767057
2016-09-06,1.1987055147438577,1.343421498642904,-0.14471598389904639
2016-09-07,1.2021920798427965,1.3342205650395786,-0.13202848519678212
2016-09-08,1.215121735220497,1.3422576857490032,-0.12713595052850613
2016-09-09,1.2115421606409544,1.3391775388733644,-0.12763537823241
2016-09-12,1.2120442509213298,1.3368081113808756,-0.1247638604595458
2016-09-13,1.2088193151421909,1.3276351372960378,-0.1188158221538469
2016-09-14,1.2098351351287626,1.3378476101691712,-0.12801247504040858
2016-09-19,1.20989802478111,1.3069501602766203,-0.09705213549551028
2016-09-20,1.221199241290809,1.3148083083343014,-0.09360906704349237
2016-09-21,1.2189258971059818,1.312520702656865,-0.09359480555088329
2016-09-22,1.2206099120325264,1.3101910302604196,-0.08958111822789316
2016-09-23,1.2363642758334448,1.3073993116212432,-0.07103503578779846
2016-09-26,1.2474841604485438,1.3046639822392487,-0.05717982179070491
2016-09-27,1.2362908904764198,1.3032807691205899,-0.06698987864417005
2016-09-28,1.249338994027359,1.284072034754433,-0.03473304072707406
2016-09-29,1.2349487220074493,1.293865606357034,-0.05891688434958464
2016-09-30,1.233211851784645,1.2823102607597017,-0.04909840897505657
2016-10-10,1.2235174462515674,1.2709303632594253,-0.04741291700785788
2016-10-11,1.2520489579921539,1.2849429813017181,-0.03289402330956426
2016-10-12,1.2587392024228425,1.2998717577997279,-0.041132555376885316
2016-10-13,1.2773464094521814,1.2893075241331877,-0.011961114681006357
2016-10-14,1.2855188815953773,1.3021530924366846,-0.01663421084130734
2016-10-17,1.281146341158651,1.2922128283136143,-0.011066487154963278
2016-10-18,1.2659155362429373,1.2862945037212297,-0.020378967478292376
2016-10-19,1.2606758792691104,1.2719210145532427,-0.01124513528413229
2016-10-20,1.2595643570945971,1.2705476824869717,-0.010983325392374566
2016-10-21,1.2679463796415145,1.2655620870420565,0.002384292599457938
2016-10-24,1.2545844358789642,1.2636275983752072,-0.00904316249624304
2016-10-25,1.23114559125678,1.2754820044042945,-0.044336413147514575
2016-10-26,1.2342457649380825,1.2638620634583557,-0.029616298520273254
2016-10-27,1.2347966233350955,1.2612174283157085,-0.026420804980612944
2016-10-28,1.2505231394097178,1.2766110144692455,-0.0260878750595277
2016-10-31,1.26312298976717,1.2731447209716928,-0.010021731204522766
2016-11-01,1.264352779573628,1.2790549194845993,-0.014702139910971246
2016-11-02,1.2680229886151841,1.2786185446591074,-0.01059555604392326
2016-11-03,1.277692153680762,1.2734975276315152,0.004194626049246697
2016-11-04,1.2729602915116287,1.2770330237014778,-0.004072732189849049
2016-11-07,1.2762451366943215,1.3069256260944209,-0.030680489400099376
2016-11-08,1.2733851737747528,1.3062943272712293,-0.032909153496476495
2016-11-09,1.2667922655173667,1.2979742577843167,-0.031181992266950065
2016-11-10,1.2695467381298515,1.3079530355952513,-0.03840629746539981
2016-11-11,1.2694559547534963,1.3293996207262166,-0.059943665972720384
2016-11-14,1.272090078260144,1.3288748032690838,-0.05678472500893972
2016-11-15,1.2782130948123867,1.3280202682649527,-0.04980717345256602
2016-11-16,1.2749288696796912,1.3170079290650842,-0.042079059385393025
2016-11-17,1.2698085115926911,1.3140231453019562,-0.04421463370926504
2016-11-18,1.2630853983413446,1.3084685812392731,-0.04538318289792853
2016-11-21,1.2646167247825961,1.3070724840752415,-0.042455759292645334
2016-11-22,1.2803452042268701,1.2892335157170731,-0.008888311490202971
2016-11-23,1.2828317593711045,1.2742077801892073,0.008623979181897168
2016-11-24,1.292251796914923,1.2897011832834346,0.002550613631488341
2016-11-25,1.2906279388162727,1.2758451719419397,0.014782766874332998
2016-11-28,1.2872769100857306,1.2681350222226098,0.019141887863120877
2016-11-29,1.285750786293773,1.2597606378831872,0.02599014841058578
2016-11-30,1.2826530576488815,1.2467765927248904,0.0358764649239911
2016-12-01,1.2806065009413077,1.2437953632226504,0.036811137718657294
2016-12-02,1.2666224527946162,1.2311618158830078,0.03546063691160839
2016-12-05,1.2596947539860566,1.226114789108165,0.03357996487789161
2016-12-06,1.2516304634365085,1.2190786989579425,0.032551764478566
2016-12-07,1.2588301806744981,1.2185803613169965,0.040249819357501604
2016-12-08,1.2517945187042658,1.2132280878195432,0.03856643088472267
2016-12-09,1.2305960396054745,1.2368017768821764,-0.006205737276701928
2016-12-12,1.241649496127788,1.2567969756896866,-0.015147479561898658
2016-12-13,1.2400722428405326,1.2725822279492565,-0.03250998510872383
2016-12-14,1.2387356183960765,1.2796551921507198,-0.04091957375464328
2016-12-15,1.2544318706159103,1.2775630644834568,-0.023131193867546473
2016-12-16,1.245930839178129,1.284217096062223,-0.03828625688409404
2016-12-19,1.2481310125018452,1.2863427838432677,-0.03821177134142251
2016-12-20,1.253119997151847,1.294027289350407,-0.04090729219856004
2016-12-21,1.2473983638482853,1.2953461957551133,-0.04794783190682805
2016-12-22,1.2530775402958267,1.3045140040289254,-0.051436463733098625
2016-12-23,1.2607828822191125,1.3064917388329973,-0.045708856613884796
2016-12-26,1.2561549195287587,1.3016002423860595,-0.04544532285730085
2016-12-27,1.2595473212198693,1.282752896038134,-0.023205574818264685
2016-12-28,1.2578485175746994,1.293406810530122,-0.035558292955422566
2016-12-29,1.2551202661116463,1.309004695401185,-0.05388442928953863
2016-12-30,1.2573162369261925,1.3145310275791562,-0.05721479065296364
2017-01-02,1.2623993066244459,1.2944311676663347,-0.03203186104188882
2017-01-03,1.2531879434928512,1.2932245797212676,-0.040036636228416356
2017-01-04,1.2485926689345828,1.3162250016938888,-0.06763233275930602
2017-01-05,1.2451733331311303,1.3123117908147133,-0.06713845768358295
2017-01-06,1.256873931575046,1.3296324584201424,-0.07275852684509654
2017-01-09,1.232370423893184,1.3354673547729392,-0.10309693087975513
2017-01-10,1.2349058758192801,1.313288203414579,-0.07838232759529884
2017-01-11,1.2491103368481362,1.3291771704357582,-0.08006683358762201
2017-01-12,1.2453485479628394,1.3284279727635793,-0.08307942480073982
2017-01-13,1.2571534280829677,1.329263254354635,-0.07210982627166729
2017-01-16,1.2426168556721682,1.3236508110733096,-0.08103395540114144
2017-01-17,1.2435266222051964,1.3089199973684371,-0.06539337516324073
2017-01-18,1.245450596213569,1.3051768306894802,-0.0597262344759113
2017-01-19,1.2564700355500367,1.3160021883295432,-0.05953215277950652
2017-01-20,1.2545539914103998,1.2954323431282793,-0.04087835171787946
2017-01-23,1.2427415767175152,1.3079461310973244,-0.06520455437980921
2017-01-24,1.241501134295142,1.321532558236527,-0.08003142394138485
2017-01-25,1.2660198758073375,1.3262947433738703,-0.060274867566532775
2017-01-26,1.2737657519889218,1.326530006427258,-0.05276425443833621
2017-02-03,1.264193738803997,1.314394139770262,-0.0502004009662651
2017-02-06,1.2814693778681567,1.313260240873953,-0.031790863005796366
2017-02-07,1.2880725851136532,1.3051930559107787,-0.01712047079712553
2017-02-08,1.2805777708269774,1.3155193208836407,-0.03494155005666322
2017-02-09,1.2701438855107599,1.3490675234929113,-0.0789236379821514
2017-02-10,1.2721677332336947,1.337444223286117,-0.06527649005242231
2017-02-13,1.2760519308686198,1.3302260686110794,-0.054174137742459605
2017-02-14,1.2757628367235934,1.315093940161609,-0.03933110343801571
2017-02-15,1.2792982388442367,1.3227550935937076,-0.04345685474947092
2017-02-16,1.2840311159199536,1.3120274733448276,-0.027996357424874052
2017-02-17,1.2872702131975176,1.3067688928114287,-0.019498679613911163
2017-02-20,1.2754600806764378,1.3158904334563022,-0.0404303527798644
2017-02-21,1.271189779312462,1.3093209605874832,-0.03813118127502113
2017-02-22,1.2560723700819294,1.3092756191788066,-0.053203249096877236
2017-02-23,1.252896982326684,1.290532615783397,-0.03763563345671295
2017-02-24,1.2397123811867077,1.2790108585714735,-0.03929847738476577
2017-02-27,1.2421494203770023,1.282588635900366,-0.040439215523363714
2017-02-28,1.2413840879323812,1.2750781871495478,-0.033694099217166595
2017-03-01,1.228545843762666,1.2754813472761688,-0.04693550351350284
2017-03-02,1.2413167592142997,1.2702191610290485,-0.02890240181474879
2017-03-03,1.2572360607537474,1.2833149028351125,-0.026078842081365128
2017-03-06,1.269249903477487,1.3017954410048664,-0.03254553752737954
2017-03-07,1.279675956127132,1.3138143074794453,-0.034138351352313245
2017-03-08,1.2679631809375007,1.3178841708176978,-0.04992098988019711
2017-03-09,1.266072572524266,1.302977243599606,-0.03690467107534001
2017-03-10,1.2430478174035697,1.2864271687204125,-0.043379351316842785
2017-03-13,1.2426803559199473,1.3079930540891158,-0.06531269816916851
2017-03-14,1.2530155701160879,1.299273906249309,-0.04625833613322117
2017-03-15,1.2352823834859348,1.259704382439705,-0.024421998953770174
2017-03-16,1.2074525265516323,1.270748117424118,-0.06329559087248571
2017-03-17,1.2204836140463466,1.2736013161195325,-0.05311770207318589
2017-03-20,1.2200022500921055,1.2607685541344849,-0.04076630404237935
2017-03-21,1.2245381694228272,1.2508433636302474,-0.02630519420742017
2017-03-22,1.2391025247660776,1.2542871181191502,-0.01518459335307254
2017-03-23,1.2406254424858156,1.2557650944759362,-0.015139651990120573
2017-03-24,1.2413165837653457,1.2520902453696185,-0.010773661604272844
2017-03-27,1.235274652542063,1.2400919445874605,-0.004817292045397492
2017-03-28,1.2256573993392574,1.2536707164586212,-0.028013317119363723
2017-03-29,1.2482650063011103,1.2646626553519875,-0.01639764905087726
2017-03-30,1.2476430813493302,1.2759246747503894,-0.02828159340105918
2017-03-31,1.2562254907605848,1.2603947930499428,-0.004169302289358079
2017-04-05,1.25986411980633,1.2599804544536943,-0.00011633464736426902
2017-04-06,1.261444389657067,1.248000848472735,0.013443541184332108
2017-04-07,1.276155588393588,1.2457589527634114,0.030396635630176583
2017-04-10,1.2780983270121415,1.250704346061433,0.02739398095070844
2017-04-11,1.2883843730837126,1.2623039398057192,0.026080433277993365
2017-04-12,1.2726586256047097,1.265796295364452,0.00686233024025773
2017-04-13,1.2679967364894744,1.2718492286929244,-0.0038524922034499642
2017-04-14,1.2729884909182172,1.282416645270141,-0.0094281543519239
2017-04-17,1.2701399294546174,1.2812399431248704,-0.01110001367025304
2017-04-18,1.263230715581511,1.2818770320707757,-0.018646316489264736
2017-04-19,1.2586726559726336,1.2759768792780743,-0.01730422330544079
2017-04-20,1.2661994836991268,1.2726433356788152,-0.006443851979688331
2017-04-21,1.2561769021835507,1.2817573659633508,-0.025580463779800056
2017-04-24,1.2418917451605336,1.2950245284037731,-0.053132783243239556
2017-04-25,1.2363845204227448,1.2982647467141863,-0.06188022629144152
2017-04-26,1.2368609725643378,1.3268552671506633,-0.08999429458632546
2017-04-27,1.2412086791653012,1.3351036835523034,-0.09389500438700216
2017-04-28,1.257712232777466,1.3498019590365056,-0.09208972625903966
2017-05-02,1.262049861029598,1.358817565291936,-0.09676770426233805
2017-05-03,1.2653805854019846,1.3651407867333691,-0.09976020133138452
2017-05-04,1.247833325693708,1.3766887931320542,-0.1288554674383462
2017-05-05,1.2547001904120183,1.3900652794491062,-0.13536508903708788
2017-05-08,1.2519944921554724,1.3886914100344254,-0.136696917878953
2017-05-09,1.2513315016619737,1.3627858407082425,-0.11145433904626878
2017-05-10,1.237965395075528,1.363872567293367,-0.12590717221783887
2017-05-11,1.2321239907171744,1.362586303595357,-0.13046231287818255
2017-05-12,1.2538431212598342,1.3724014078917526,-0.11855828663191836
2017-05-15,1.2589749480018306,1.379995830867905,-0.12102088286607438
2017-05-16,1.257887056268113,1.3831126714469166,-0.1252256151788036
2017-05-17,1.2551913683058562,1.3954872872380573,-0.14029591893220106
2017-05-18,1.2523777231840043,1.4135368966041806,-0.16115917342017627
2017-05-19,1.267343133602453,1.4014860990123452,-0.13414296540989223
2017-05-22,1.265450760324157,1.3871046878316657,-0.12165392750750881
2017-05-23,1.2579184431642778,1.3621751615190234,-0.10425671835474559
2017-05-24,1.260221402705648,1.3431345479227457,-0.0829131452170977
2017-05-25,1.2733869508874516,1.3470728200191802,-0.07368586913172859
2017-05-26,1.2842748697874935,1.3565555220152912,-0.07228065222779767
2017-05-31,1.267285848036579,1.3574862661638634,-0.09020041812728441
2017-06-01,1.2552594026540478,1.336627905680252,-0.08136850302620413
2017-06-02,1.2691614364638641,1.3192182891721187,-0.05005685270825455
2017-06-05,1.270615130051545,1.3018665046241047,-0.031251374572559776
2017-06-06,1.2854032657631949,1.3075476174408187,-0.022144351677623852
2017-06-07,1.2874666847857363,1.3281433285167061,-0.0406766437309698
2017-06-08,1.2866983777330183,1.3326458938623456,-0.04594751612932724
2017-06-09,1.292528516993412,1.3049659991710245,-0.012437482177612535
2017-06-12,1.267718371192155,1.3235251890852513,-0.05580681789309638
2017-06-13,1.243466377394188,1.3326479991145286,-0.0891816217203405
2017-06-14,1.2593868798062684,1.321009878548866,-0.06162299874259758
2017-06-15,1.272960429731885,1.320823515920853,-0.04786308618896795
2017-06-16,1.2802437899524617,1.3154650860037729,-0.03522129605131119
2017-06-19,1.2911456440700582,1.310615931882444,-0.0194702878123858
2017-06-20,1.2965580812158761,1.3059251784595152,-0.009367097243639044
2017-06-21,1.3021914296805908,1.2612651396541725,0.04092629002641823
2017-06-22,1.3004871849973012,1.2512234636461879,0.04926372135111334
2017-06-23,1.2961422857096083,1.2373242753122438,0.05881801039736456
2017-06-26,1.2912104436520475,1.2395422361383006,0.0516682075137469
2017-06-27,1.2821212056562452,1.2393022291689204,0.0428189764873248
2017-06-28,1.2903446643780774,1.23125702292534,0.05908764145273748
2017-06-29,1.2966573908584533,1.2378940184428298,0.05876337241562357
2017-06-30,1.302408772954931,1.261624455401861,0.04078431755306999
2017-07-03,1.3160863480896379,1.272251819602261,0.0438345284873769
2017-07-04,1.323450510529649,1.2394224752008545,0.08402803532879455
2017-07-05,1.3207795583423723,1.2423501173410136,0.07842944100135862
2017-07-06,1.3170382495480157,1.2527955742057113,0.06424267534230443
2017-07-07,1.321500499205463,1.255230554718956,0.06626994448650714
2017-07-10,1.322529795969069,1.259003940536306,0.0635258554327629
2017-07-11,1.3153235704148143,1.273520178963031,0.041803391451783245
2017-07-12,1.315780736598803,1.2723812594035502,0.043399477195252834
2017-07-13,1.314711330892322,1.2749183898523548,0.03979294103996711
2017-07-14,1.3079722359105863,1.277906045251182,0.030066190659404413
2017-07-17,1.3107575578624688,1.2809085288263296,0.029849029036139285
2017-07-18,1.3119474226116556,1.2765589236221426,0.03538849898951302
2017-07-19,1.3030941926467605,1.285042215097578,0.01805197754918253
2017-07-20,1.293600796160884,1.274333013887451,0.019267782273433065
2017-07-21,1.2985218983174536,1.2745000963583177,0.024021801959135836
2017-07-24,1.2916834213518582,1.2779154966889497,0.013767924662908548
2017-07-25,1.2982850754859152,1.2731969256500602,0.025088149835855056
2017-07-26,1.2975082989057047,1.2804418864140574,0.01706641249164731
2017-07-27,1.280136650689354,1.2900392207890998,-0.009902570099745933
2017-07-28,1.2814446637814214,1.2962033042443108,-0.014758640462889439
2017-07-31,1.2710619507815597,1.2874159815840298,-0.01635403080247011
2017-08-01,1.2719163929495616,1.3032857920864662,-0.03136939913690462
2017-08-02,1.2881971220680928,1.2824977807325577,0.005699341335535069
2017-08-03,1.2933150059772347,1.2795239306710002,0.013791075306234468
2017-08-04,1.3038904935685223,1.262683446144747,0.041207047423775345
2017-08-07,1.2941510319200509,1.2574123415771612,0.03673869034288968
2017-08-08,1.297202601523162,1.2614784776605263,0.03572412386263557
2017-08-09,1.2969738212556932,1.257154886920492,0.03981893433520112
2017-08-10,1.3017053267701129,1.2541615381922744,0.047543788577838475
2017-08-11,1.2963218463172979,1.2766813701981592,0.01964047611913866
2017-08-14,1.284123763905554,1.2801544275204584,0.0039693363850956676
2017-08-15,1.2994421570019405,1.2721013046490839,0.02734085235285666
2017-08-16,1.3064494594999259,1.2715951590372745,0.034854300462651366
2017-08-17,1.312173922617342,1.2586387312430973,0.05353519137424456
2017-08-18,1.3065334072533654,1.2530376957971023,0.053495711456263084
2017-08-21,1.304312946561608,1.2540817230093784,0.05023122355222953
2017-08-22,1.2945559727045661,1.2707256123162307,0.023830360388335414
2017-08-23,1.296379138460932,1.2820824445581143,0.014296693902817736
2017-08-24,1.2871748692480287,1.2736277869277648,0.013547082320263915
2017-08-25,1.276660706054404,1.2642407157925402,0.0124199902618638
2017-08-28,1.2737391610866293,1.2669713680353747,0.006767793051254634
2017-08-29,1.2716237776982169,1.2784776226381285,-0.006853844939911591
2017-08-30,1.2727506394583106,1.2755418731505057,-0.0027912336921951386
2017-08-31,1.283196202914579,1.2783454777846959,0.004850725129883049
2017-09-01,1.2930536934821761,1.275164663076768,0.017889030405408235
2017-09-04,1.3087830590219787,1.2925563325536529,0.01622672646832579
2017-09-05,1.3097683966598583,1.2918245426681965,0.017943853991661873
2017-09-06,1.303543007171757,1.2874398115507548,0.016103195621002264
2017-09-07,1.3047775071350705,1.327329207985312,-0.022551700850241607
2017-09-08,1.3175495215255135,1.3281474690738524,-0.01059794754833887
2017-09-11,1.311352473411453,1.3519612736537971,-0.040608800242344145
2017-09-12,1.3128233001181573,1.3334528850409346,-0.020629584922777333
2017-09-13,1.3080843390136818,1.3392751376938954,-0.03119079868021357
2017-09-14,1.3033746751315352,1.337672794723637,-0.03429811959210194
2017-09-15,1.2837945054611015,1.3238323031590706,-0.04003779769796911
2017-09-18,1.272980844983968,1.3074454287558606,-0.034464583771892654
2017-09-19,1.2650370228957095,1.3125191031585899,-0.047482080262880366
2017-09-20,1.2705278577675623,1.322297011713909,-0.051769153946346735
2017-09-21,1.275399877753606,1.2961595559837502,-0.02075967823014424
2017-09-22,1.2814966749528298,1.2950437237748664,-0.013547048822036611
2017-09-25,1.2785011449992922,1.2840835442444305,-0.005582399245138259
2017-09-26,1.2770284250480601,1.2747619137292265,0.0022665113188335972
2017-09-27,1.2841225641392842,1.271821849190833,0.012300714948451086
2017-09-28,1.2956160787036293,1.2737773994744448,0.021838679229184477
2017-09-29,1.2985292416048486,1.2659416765259446,0.032587565078904035
2017-10-09,1.3079641420169932,1.2673439520311913,0.04062018998580186
2017-10-10,1.310919739151358,1.275615005058907,0.03530473409245105
2017-10-11,1.2953563096651093,1.2833029697997174,0.012053339865391921
2017-10-12,1.2901042867535648,1.2788003388043143,0.011303947949250492
2017-10-13,1.3039630970471559,1.2751995497068076,0.02876354734034825
2017-10-16,1.3201188317522425,1.2899662535858576,0.030152578166384947
2017-10-17,1.317393327224644,1.295631462833836,0.021761864390808183
2017-10-18,1.30669250110731,1.3003398708449938,0.00635263026231625
2017-10-19,1.30612036951022,1.3066501697192683,-0.0005298002090483589
2017-10-20,1.2921969824854849,1.3062637771858094,-0.01406679470032457
2017-10-23,1.285262831558313,1.304546629837147,-0.019283798278834086
2017-10-24,1.3055832626775266,1.3071233000774314,-0.0015400373999048256
2017-10-25,1.321675378909979,1.3107106283762415,0.010964750533737577
2017-10-26,1.3159516222905225,1.3054157066628076,0.010535915627714942
2017-10-27,1.3185413594712234,1.2986246886912072,0.019916670780016243
2017-10-30,1.3271258782700182,1.2790678954877408,0.04805798278227735
2017-10-31,1.3437160333470806,1.283100650276395,0.06061538307068548
2017-11-01,1.3218098363553192,1.2777346905067353,0.04407514584858396
2017-11-02,1.3364692726066143,1.2914993204655343,0.044969952141080016
2017-11-03,1.3203019298773901,1.277533389969106,0.04276853990828422
2017-11-06,1.3069621262371773,1.2790533858310795,0.02790874040609781
2017-11-07,1.3077172690340892,1.2841075562601392,0.023609712773950076
2017-11-08,1.2966928230845118,1.2927871516683238,0.003905671416188028
2017-11-09,1.3124167555960438,1.283266542300558,0.029150213295485727
2017-11-10,1.3023518277855255,1.2897296102314622,0.012622217554063342
2017-11-13,1.2935071710072572,1.2944478968006707,-0.0009407257934135327
2017-11-14,1.2974583851994643,1.2897077901924128,0.007750595007051553
2017-11-15,1.2908250556038259,1.273065535466574,0.017759520137251794
2017-11-16,1.2853935318208516,1.2643885106408277,0.021005021180023897
2017-11-17,1.272337375209497,1.2746033501658462,-0.0022659749563491705
2017-11-20,1.2540474224448606,1.2642420118076558,-0.01019458936279527
2017-11-21,1.2570680118209943,1.269987799213493,-0.01291978739249866
2017-11-22,1.2619011126086,1.2691587021804456,-0.007257589571845635
2017-11-23,1.2558848360414758,1.2746879605866648,-0.018803124545188954
2017-11-24,1.2596726284537836,1.2729281997995685,-0.013255571345784922
2017-11-27,1.2553871208407585,1.2853200846529333,-0.029932963812174807
2017-11-28,1.270635284809667,1.2879338471107584,-0.017298562301091502
2017-11-29,1.2760856336093158,1.280193578551492,-0.004107944942176145
2017-11-30,1.2827032745148481,1.2786663066429504,0.004036967871897668
2017-12-01,1.2886710654585594,1.2699753962718485,0.01869566918671084
2017-12-04,1.2911511476909792,1.2735726334136261,0.01757851427735302
2017-12-05,1.2818897753882508,1.2702095355953764,0.011680239792874358
2017-12-06,1.2703114236441762,1.2752651369766768,-0.004953713332500609
2017-12-07,1.2648695140932744,1.2670807942035536,-0.002211280110279157
2017-12-08,1.2549837852768377,1.2632221914260875,-0.008238406149249755
2017-12-11,1.2540575036737964,1.2584234941670829,-0.0043659904932864535
2017-12-12,1.2595050524468896,1.2615563241259575,-0.002051271679067934
2017-12-13,1.2591101571892143,1.263821159152395,-0.004711001963180639
2017-12-14,1.258046155257155,1.2530029095322848,0.005043245724870138
2017-12-15,1.2646235131463701,1.242120927959675,0.022502585186695123
2017-12-18,1.2519110573291314,1.248781984760883,0.003129072568248459
2017-12-19,1.2557901335145725,1.2607896860830141,-0.004999552568441645
2017-12-20,1.2518264049961654,1.281974357219504,-0.030147952223338548
2017-12-21,1.258071597243108,1.2852008508435728,-0.02712925360046481
2017-12-22,1.2686232169505618,1.2868201527505212,-0.0181969357999594
2017-12-25,1.277215251058112,1.2912130805242976,-0.013997829466185552
2017-12-26,1.2718187666398366,1.2981982371551952,-0.026379470515358605
2017-12-27,1.2749782572558699,1.301647659927143,-0.026669402671273046
2017-12-28,1.26199416853522,1.320428791392674,-0.05843462285745393
2017-12-29,1.2679864008910837,1.3257787730054875,-0.0577923721144038
2018-01-02,1.2784122478968813,1.3154110792539289,-0.03699883135704751
2018-01-03,1.2561199179566565,1.3299443693201454,-0.07382445136348892
2018-01-04,1.2593908567380565,1.308507091270776,-0.049116234532719405
2018-01-05,1.255450213944691,1.2900240085050627,-0.034573794560371685
2018-01-08,1.2723886753309954,1.2770271163604345,-0.004638441029439111
2018-01-09,1.2684720435247936,1.2842854247543283,-0.015813381229534684
2018-01-10,1.2732238702150955,1.31469989461196,-0.041476024396864375
2018-01-11,1.2879052684187349,1.3176997068936913,-0.02979443847495644
2018-01-12,1.2841830438294144,1.3004522533654321,-0.016269209536017737
2018-01-15,1.2739620298346672,1.3063237750177994,-0.03236174518313217
2018-01-16,1.282370744303882,1.295141813376103,-0.01277106907222092
2018-01-17,1.265468448679302,1.3296056358977377,-0.06413718721843575
2018-01-18,1.2716079969629746,1.3380825034683514,-0.0664745065053769
2018-01-19,1.2787253201094404,1.3260980761959589,-0.047372756086518475
2018-01-22,1.2672446870703407,1.3063748505365387,-0.03913016346619802
2018-01-23,1.2825168497567314,1.2950292120977007,-0.012512362340969307
2018-01-24,1.2812993063802176,1.286204118274968,-0.004904811894750338
2018-01-25,1.28391883765854,1.2634163157931497,0.020502521865390255
2018-01-26,1.2765347486764815,1.2619796814355853,0.01455506724089628
2018-01-29,1.2763943193482994,1.2729026519608742,0.0034916673874252346
2018-01-30,1.276010413670221,1.267364490389946,0.008645923280275136
2018-01-31,1.2779247379580896,1.2794489219082523,-0.0015241839501627386
2018-02-01,1.2686677876758425,1.2566495479263444,0.012018239749498116
2018-02-02,1.2596243198605939,1.251100420242393,0.00852389961820088
2018-02-05,1.259421919383474,1.2497429311166468,0.009678988266827115
2018-02-06,1.269216614932845,1.2647091322012647,0.0045074827315803034
2018-02-07,1.277384730186524,1.2857569627628147,-0.008372232576290717
2018-02-08,1.2455447894198286,1.282580455698375,-0.037035666278546486
2018-02-09,1.2481424664997591,1.2872245701851963,-0.039082103685437186
2018-02-12,1.2474287191923412,1.299797641222733,-0.052368922030391785
2018-02-13,1.2470560458266742,1.3180203491538867,-0.07096430332721249
2018-02-14,1.2349030371771577,1.3341110840713137,-0.09920804689415608
2018-02-22,1.2473524748706524,1.3446570896059404,-0.09730461473528806
2018-02-23,1.251193260076414,1.3522621418317313,-0.10106888175531736
2018-02-26,1.2579428859170014,1.3352803386470817,-0.0773374527300803
2018-02-27,1.272941997020506,1.327321728996868,-0.05437973197636192
2018-02-28,1.2727584400321224,1.329678502583638,-0.056920062551515604
2018-03-01,1.252545167146088,1.3128988188717303,-0.06035365172564222
2018-03-02,1.2657136501454502,1.3010565131865395,-0.035342863041089245
2018-03-05,1.2589700168695106,1.270624065626527,-0.011654048757016477
2018-03-06,1.2601402593768427,1.2829555634019565,-0.02281530402511378
2018-03-07,1.241114962978359,1.27389413894193,-0.03277917596357094
2018-03-08,1.2405062369152342,1.2575335716008522,-0.017027334685618012
2018-03-09,1.2387047852400288,1.2523445834822922,-0.013639798242263357
2018-03-12,1.236759435210676,1.2432422019901017,-0.006482766779425608
2018-03-13,1.2330860223582119,1.22724109130977,0.005844931048441859
2018-03-14,1.2457090124806887,1.2192236969698567,0.026485315510831997
2018-03-15,1.2437124539240194,1.2153170859665114,0.028395367957507966
2018-03-16,1.2553469007271245,1.2152673505523774,0.04007955017474707
2018-03-19,1.2568600782920887,1.2143801750276375,0.04247990326445117
2018-03-20,1.2632955115932394,1.2185352895205046,0.04476022207273478
2018-03-21,1.2734881307807333,1.2354583807252892,0.03802975005544407
2018-03-22,1.268165561864876,1.2368056894261439,0.03135987243873206
2018-03-23,1.2803971575914972,1.2465263027564564,0.03387085483504082
2018-03-26,1.2650070845481638,1.2269050452090433,0.038102039339120486
2018-03-27,1.2651671025795848,1.2271644253503535,0.03800267722923123
2018-03-28,1.2572733689605384,1.2319775697197795,0.025295799240758976
2018-03-29,1.2422598085938668,1.2359650405069673,0.006294768086899438
2018-03-30,1.2413580683987118,1.2364246223324054,0.004933446066306413
2018-04-02,1.2451889445267657,1.2421335935788482,0.0030553509479174235
2018-04-03,1.2512117992973673,1.235266737670675,0.015945061626692292
2018-04-04,1.2729151308024687,1.2355815905129206,0.03733354028954805
2018-04-09,1.278029503430606,1.244463208303032,0.03356629512757392
2018-04-10,1.2788627162053452,1.2329796086359246,0.0458831075694206
2018-04-11,1.2815684429725098,1.2220186317134383,0.05954981125907155
2018-04-12,1.2875561014592192,1.2189829684392068,0.06857313302001233
2018-04-13,1.2874601548194613,1.2318904945825535,0.05556966023690779
2018-04-16,1.276701407981435,1.2597851622344025,0.016916245747032432
2018-04-17,1.2584298588785088,1.269001998870974,-0.010572139992465202
2018-04-18,1.2591447193957817,1.2817247308120212,-0.022580011416239554
2018-04-19,1.2707898496562604,1.2737226495422336,-0.0029327998859731697
2018-04-20,1.26244641906547,1.2751983990495723,-0.012751979984102269
2018-04-23,1.2759346787524106,1.2840459684942864,-0.008111289741875805
2018-04-24,1.2727667210857563,1.2785780026083042,-0.005811281522547951
2018-04-25,1.2775723343299252,1.276381611534542,0.0011907227953831256
2018-04-26,1.273732093750621,1.2742021333651865,-0.0004700396145655983
2018-04-27,1.2557999787167702,1.2720570950386598,-0.016257116321889642
2018-05-02,1.252465398965525,1.2540268884205872,-0.0015614894550621816
2018-05-03,1.2590612934324175,1.247390670378464,0.011670623053953388
2018-05-04,1.2621174956634638,1.2576784015701812,0.004439094093282581
2018-05-07,1.2560532827876618,1.2528772167668645,0.0031760660207973412
2018-05-08,1.2628077449436825,1.2537769272349473,0.009030817708735261
2018-05-09,1.2682347096926814,1.2817924503978344,-0.013557740705153032
2018-05-10,1.2616051131002224,1.2716009719090853,-0.00999585880886289
2018-05-11,1.2542374674794192,1.265991405742688,-0.01175393826326876
2018-05-14,1.2745197447833394,1.2559683059703601,0.01855143881297927
2018-05-15,1.269308762412491,1.2702647454417473,-0.0009559830292562577
2018-05-16,1.2709431107153963,1.2734374257518455,-0.002494315036449146
2018-05-17,1.270723319139428,1.2647059467868724,0.006017372352555617
2018-05-18,1.2625913883212965,1.2619675252804088,0.0006238630408876844
2018-05-21,1.2522859313104353,1.2466443546103871,0.005641576700048168
2018-05-22,1.2652099265490808,1.236884279864128,0.028325646684952854
2018-05-23,1.2619372059311333,1.2403040786422737,0.021633127288859688
2018-05-24,1.2447477698412246,1.240023705139591,0.004724064701633557
2018-05-25,1.2539795145013393,1.257991964368575,-0.004012449867235812
2018-05-28,1.263715223585506,1.2453990294855952,0.01831619409991081
2018-05-29,1.2592407122863871,1.2407534295972293,0.01848728268915778
2018-05-30,1.254353916374039,1.2225946577370916,0.031759258636947285
2018-05-31,1.2419769712238178,1.2168251096076363,0.025151861616181437
2018-06-01,1.2444764494015998,1.2108112190597775,0.03366523034182234
2018-06-04,1.24018289830227,1.2177281084318905,0.02245478987037952
2018-06-05,1.2396398584464292,1.2344746320709676,0.0051652263754615735
2018-06-06,1.2438428950499192,1.230713242995588,0.013129652054331142
2018-06-07,1.2597817056616902,1.2445939632162317,0.015187742445458507
2018-06-08,1.2679287652045623,1.2625615341111276,0.005367231093434732
2018-06-11,1.267668042744068,1.2703834613573082,-0.002715418613240095
2018-06-12,1.2694372159338476,1.249856531655341,0.019580684278506677
2018-06-13,1.2626787838264624,1.2588322922047501,0.0038464916217122447
2018-06-14,1.2643016344122926,1.2597940136352925,0.004507620777000065
2018-06-15,1.259939701632718,1.2633566926659152,-0.0034169910331971476
2018-06-19,1.2421653699339357,1.2611987870790813,-0.019033417145145615
2018-06-20,1.2308565436053,1.2537857441646056,-0.022929200559305585
2018-06-21,1.2324196305256614,1.2335299516310416,-0.0011103211053802298
2018-06-22,1.2247306239211588,1.2405957545665485,-0.015865130645389636
2018-06-25,1.22888783622794,1.2642535494814373,-0.035365713253497244
2018-06-26,1.2259525005516652,1.2709277945456083,-0.04497529399394318
2018-06-27,1.2353162393454382,1.2765433059291569,-0.04122706658371866
2018-06-28,1.2320464331319734,1.2804242613799164,-0.04837782824794301
2018-06-29,1.2362499335194672,1.275080221867089,-0.0388302883476217
2018-07-02,1.233249315358795,1.291348395049829,-0.05809907969103412
2018-07-03,1.2247584322750573,1.2925511322818672,-0.06779270000680993
2018-07-04,1.2187662172256548,1.2662261940105561,-0.047459976784901325
2018-07-05,1.218628385414498,1.2717593458272258,-0.05313096041272791
2018-07-06,1.2176713903494436,1.2583204644388322,-0.04064907408938856
2018-07-09,1.207792115604572,1.251766615553554,-0.04397449994898217
2018-07-10,1.2094722809246232,1.2438616205850352,-0.03438933966041202
2018-07-11,1.2341475598794438,1.2389009440376286,-0.004753384158184826
2018-07-12,1.2369471795896108,1.2404607125158942,-0.0035135329262834247
2018-07-13,1.2297477699827988,1.2528613942792435,-0.0231136242964447
2018-07-16,1.2276134820612454,1.2521219084579058,-0.0245084263966604
2018-07-17,1.2192789577790777,1.2673060548312467,-0.04802709705216901
2018-07-18,1.2318197262086406,1.2635307896416288,-0.03171106343298824
2018-07-19,1.2393452804839387,1.265604009329767,-0.02625872884582825
2018-07-20,1.2274993214254737,1.2558591912589345,-0.028359869833460838
2018-07-23,1.2344228668663613,1.2516353589965565,-0.017212492130195267
2018-07-24,1.2411453634427456,1.237317381060854,0.003827982381891637
2018-07-25,1.267835390281984,1.2364357704521642,0.03139961982981987
2018-07-26,1.27457249063153,1.2379859068807997,0.03658658375073043
2018-07-27,1.273994777047048,1.2306523925501929,0.043342384496855235
2018-07-30,1.2806672225677467,1.2293355113525875,0.051331711215159226
2018-07-31,1.2782287879018868,1.2381032055641565,0.040125582337730226
2018-08-01,1.2756300208831313,1.234046972161049,0.041583048722082294
2018-08-02,1.2913568272756983,1.2287867421763605,0.06257008509933781
2018-08-03,1.2870122167258575,1.2397112484653552,0.04730096826050234
2018-08-06,1.2902345481322925,1.250303528212462,0.03993101991983061
2018-08-07,1.2842180250213517,1.2662839958269378,0.017934029194413892
2018-08-08,1.286631482178718,1.2683457971949612,0.01828568498375671
2018-08-09,1.2763011929261279,1.263752062783904,0.012549130142223808
2018-08-10,1.286892570700496,1.2958595593898101,-0.008966988689314226
2018-08-13,1.2817141719389027,1.288905374766666,-0.007191202827763199
2018-08-14,1.2821370617768426,1.3042884345898198,-0.022151372812977188
2018-08-15,1.297873174460908,1.3037410287009195,-0.005867854240011461
2018-08-16,1.3156542707914982,1.3141095814400674,0.0015446893514308169
2018-08-17,1.3214806312041,1.3167683042246094,0.004712326979490644
2018-08-20,1.3102637877838665,1.2851895273807747,0.025074260403091797
2018-08-21,1.3114929729113567,1.2877032246152114,0.02378974829614533
2018-08-22,1.2986197367855101,1.283839634444792,0.014780102340718138
2018-08-23,1.2984442031881314,1.2895472099865817,0.008896993201549686
2018-08-24,1.3112853185274993,1.263695956994621,0.047589361532878405
2018-08-27,1.3189775195575406,1.2531156898466425,0.06586182971089816
2018-08-28,1.327223222735302,1.2570305169744347,0.07019270576086734
2018-08-29,1.3116830476618577,1.2489490802789687,0.06273396738288906
2018-08-30,1.3163050904971452,1.2358910609494398,0.08041402954770538
2018-08-31,1.3355717427556244,1.2460677685600454,0.08950397419557898
2018-09-03,1.3324970783269057,1.232789653710329,0.09970742461657678
2018-09-04,1.3266321289319696,1.2318519902608533,0.09478013867111623
2018-09-05,1.3204542406825066,1.2336844717047035,0.08676976897780309
2018-09-06,1.3178142502273558,1.2577059324000495,0.0601083178273063
2018-09-07,1.3028374474380273,1.2450651842378966,0.057772263200130736
2018-09-10,1.2992032526570008,1.2423728643361398,0.05683038832086096
2018-09-11,1.2946313282458206,1.2524285430388298,0.042202785206990834
2018-09-12,1.303788052203532,1.2550950749690184,0.04869297723451371
2018-09-13,1.3100454519101148,1.2544322073283007,0.05561324458181405
2018-09-14,1.2918457334399593,1.256041928026335,0.03580380541362427
2018-09-17,1.313142211760784,1.2657460680389694,0.047396143721814665
2018-09-18,1.3299704317511454,1.2473299244180807,0.08264050733306472
2018-09-19,1.3359131462105025,1.2677897824131044,0.06812336379739814
2018-09-20,1.339635269029724,1.286159482109543,0.05347578692018096
2018-09-21,1.334774561427866,1.3043884431829778,0.03038611824488835
2018-09-25,1.3140846548313472,1.3093908549376283,0.004693799893718875
2018-09-26,1.3344246549154026,1.318496195183782,0.015928459731620714
2018-09-27,1.3395148986364749,1.3178599984582213,0.021654900178253556
2018-09-28,1.3551859596024671,1.3175882334554916,0.03759772614697554
2018-10-08,1.3586291888754005,1.3140872119642417,0.0445419769111588
2018-10-09,1.3788293284260627,1.312267431242413,0.06656189718364969
2018-10-10,1.3905836357389574,1.3050459420051903,0.08553769373376707
2018-10-11,1.3778597990220485,1.3173064755053658,0.06055332351668263
2018-10-12,1.361630974926042,1.330037003887919,0.031593971038123
2018-10-15,1.344739488573203,1.3261931128124393,0.018546375760763567
2018-10-16,1.3431882099506394,1.3273207287323492,0.01586748121829018
2018-10-17,1.3424119899708897,1.3316637729781544,0.010748216992735316
2018-10-18,1.3450436358041502,1.348711980277325,-0.0036683444731748782
2018-10-19,1.345697144322914,1.3545980803483701,-0.008900936025456163
2018-10-22,1.3371029077010619,1.33793601717361,-0.0008331094725482213
2018-10-23,1.3308051520136308,1.3361640005604027,-0.005358848546771933
2018-10-24,1.3349275447663356,1.3436986709227412,-0.008771126156405629
2018-10-25,1.3353892352239463,1.3339809693802798,0.0014082658436664897
2018-10-26,1.340298581385493,1.3012210897407581,0.03907749164473495
2018-10-29,1.3244829137424399,1.3008894738270054,0.0235934399154345
2018-10-30,1.315169255976313,1.3387373584849571,-0.02356810250864405
2018-10-31,1.3242134534427439,1.358402499138577,-0.03418904569583314
2018-11-01,1.3287696300870164,1.349658832239991,-0.020889202152974518
2018-11-02,1.329880032626272,1.3440013312445542,-0.014121298618282152
2018-11-05,1.314513172556022,1.3741881266390918,-0.05967495408306989
2018-11-06,1.293536590425402,1.3845639302107842,-0.09102733978538224
2018-11-07,1.3017294694998438,1.3887304001900864,-0.08700093069024262
2018-11-08,1.3038004211470666,1.4006568120993397,-0.09685639095227305
2018-11-09,1.3048874805898516,1.4014313823805422,-0.09654390179069061
2018-11-12,1.3085202483427592,1.394757105703334,-0.08623685736057496
2018-11-13,1.3081582750994296,1.3969902000506877,-0.08883192495125813
2018-11-14,1.314548361883204,1.4000867738631606,-0.08553841197995671
2018-11-15,1.3087023717151798,1.394607065183156,-0.08590469346797613
2018-11-16,1.306844803394501,1.3965643113938264,-0.08971950799932538
2018-11-19,1.3034191565366504,1.4014125896965621,-0.09799343315991171
2018-11-20,1.3080554387967547,1.3823003586351241,-0.07424491983836945
2018-11-21,1.309833818189659,1.3778829569807018,-0.0680491387910429
2018-11-22,1.305894540608156,1.3694930600634976,-0.06359851945534167
2018-11-23,1.3175436735043318,1.3543023337550535,-0.03675866025072172
2018-11-26,1.3045138486524726,1.3583655390945206,-0.05385169044204807
2018-11-27,1.307006061316407,1.37535907046208,-0.068353009145673
2018-11-28,1.291145022866238,1.3672809626585036,-0.07613593979226563
2018-11-29,1.286012835537407,1.384267703288621,-0.09825486775121406
2018-11-30,1.2894000539126325,1.3833728843049709,-0.09397283039233839
2018-12-03,1.2789280021433806,1.3796507977995518,-0.10072279565617115
2018-12-04,1.276380763318056,1.3955644533049367,-0.11918368998688078
2018-12-05,1.2739772004001522,1.40699857782157,-0.13302137742141773
2018-12-06,1.2782964333478624,1.3981102426758152,-0.11981380932795282
2018-12-07,1.2718385137774983,1.3979726973869564,-0.12613418360945805
2018-12-10,1.2618494660029538,1.3852951662677395,-0.12344570026478574
2018-12-11,1.270758536630848,1.3807812222208506,-0.11002268559000261
2018-12-12,1.2490108540438447,1.3983143701956837,-0.149303516151839
2018-12-13,1.2549694746589088,1.3950930619892372,-0.14012358733032837
2018-12-14,1.2620127739459297,1.3890110232053043,-0.12699824925937464
2018-12-17,1.2587648344455336,1.3826245196655236,-0.12385968521999002
2018-12-18,1.2505749050817783,1.3866505548356267,-0.13607564975384845
2018-12-19,1.2684672591331672,1.3852243480209594,-0.11675708888779224
2018-12-20,1.2763764681447012,1.3670948000591683,-0.0907183319144671
2018-12-21,1.2561780743686868,1.3423349707528398,-0.08615689638415303
2018-12-24,1.2587661117835613,1.3440339750207717,-0.08526786323721036
2018-12-25,1.2536160500101177,1.3479452089944501,-0.09432915898433247
2018-12-26,1.2636844175057214,1.3519441498261002,-0.08825973232037887
2018-12-27,1.2673921847942025,1.319903367342724,-0.05251118254852161
2018-12-28,1.2630283301168046,1.3071363691272926,-0.04410803901048799
2019-01-02,1.2548101476413134,1.3068455654832594,-0.052035417841945986
2019-01-03,1.2406254228434161,1.3065025524361646,-0.0658771295927485
2019-01-04,1.2302759435137867,1.3081857564391937,-0.077909812925407
2019-01-07,1.240899185814588,1.3093672259845748,-0.06846804016998687
2019-01-08,1.237500960728933,1.2948383030314583,-0.05733734230252541
2019-01-09,1.2354332518241464,1.2893377771919494,-0.05390452536780299
2019-01-10,1.226543162268176,1.2963675899139515,-0.06982442764577557
2019-01-11,1.2290541195172977,1.2636177957489012,-0.0345636762316035
2019-01-14,1.2258243358943204,1.2753221135571724,-0.049497777662852016
2019-01-15,1.2198307264093764,1.2814143741996717,-0.06158364779029535
2019-01-16,1.226150182621842,1.277118576786379,-0.050968394164537134
2019-01-17,1.2127683905065778,1.2755532109515788,-0.062784820445001
2019-01-18,1.2120002246615889,1.276207192697154,-0.06420696803556525
2019-01-21,1.2066019753008048,1.271892947643095,-0.06529097234229009
2019-01-22,1.2106190524209983,1.2637946313144695,-0.05317557889347113
2019-01-23,1.2105110395466592,1.2586156638372652,-0.048104624290606024
2019-01-24,1.2055214749957885,1.2600072340914192,-0.05448575909563069
2019-01-25,1.2071079825943065,1.257556833198326,-0.05044885060401949
2019-01-28,1.2127789600060632,1.2469950732839719,-0.03421611327790863
2019-01-29,1.2207030088795245,1.2529545442856844,-0.03225153540615988
2019-01-30,1.2128547860060237,1.2363328967524905,-0.023478110746466774
2019-01-31,1.233487122845598,1.2340194955078343,-0.00053237266223638
2019-02-01,1.2321179922985053,1.2211690785658649,0.010948913732640397
2019-02-11,1.2372452689915407,1.2183430382374634,0.018902230754077376
2019-02-12,1.2397098364254835,1.216290396444745,0.023419439980738588
2019-02-13,1.232719123525775,1.2351851441954247,-0.0024660206696496267
2019-02-14,1.2377805469136307,1.2289018668474967,0.008878680066134015
2019-02-15,1.2363614509136573,1.230639799228068,0.005721651685589357
2019-02-18,1.258980317846946,1.2348316741236212,0.024148643723324925
2019-02-19,1.2694249922066236,1.2419339731050694,0.02749101910155427
2019-02-20,1.2827755996108927,1.2537536838031453,0.029021915807747378
2019-02-21,1.289978538815048,1.2556354848241131,0.034343053990934846
2019-02-22,1.2862316224790689,1.2650714993002705,0.02116012317879834
2019-02-25,1.2889199494056054,1.2608217293058863,0.028098220099719073
2019-02-26,1.2959100553709557,1.2716965050094597,0.024213550361495972
2019-02-27,1.2959503558372256,1.2840991896176388,0.011851166219586817
2019-02-28,1.2895380002620982,1.2857324681495692,0.0038055321125289865
2019-03-01,1.2762036050908192,1.2930365848910261,-0.016832979800206926
2019-03-04,1.2775362238824308,1.2827875566816627,-0.005251332799231845
2019-03-05,1.269718994097433,1.2717463273795637,-0.0020273332821307832
2019-03-06,1.2590432567523626,1.2732519021049584,-0.014208645352595806
2019-03-07,1.2428797240579355,1.2732766946723364,-0.030396970614400942
2019-03-08,1.244597490727491,1.2662637200221418,-0.021666229294650785
2019-03-11,1.2670215390074417,1.2829443260649245,-0.015922787057482735
2019-03-12,1.2498183602400592,1.2819443156617236,-0.03212595542166441
2019-03-13,1.2671505342955733,1.2831363754731393,-0.015985841177565963
2019-03-14,1.2699875104372722,1.2890630424703842,-0.019075532033111964
2019-03-15,1.284134795966109,1.275927485669072,0.008207310297036807
2019-03-18,1.278726557541802,1.2800055794805971,-0.001279021938795033
2019-03-19,1.250631101199384,1.265515201131794,-0.014884099932410022
2019-03-20,1.2523694098106728,1.263076150982086,-0.010706741171413237
2019-03-21,1.251429841113273,1.2600057469992876,-0.008575905886014645
2019-03-22,1.252489555076144,1.2582558708429463,-0.005766315766802421
2019-03-25,1.2572784029245492,1.2618593467718584,-0.004580943847309227
2019-03-26,1.2589238130660652,1.2667966225245773,-0.007872809458512098
2019-03-27,1.2663962186462072,1.2635274150999694,0.0028688035462378636
2019-03-28,1.2711615363064552,1.258533283545753,0.01262825276070223
2019-03-29,1.2804177118409352,1.2592665049468392,0.021151206894095997
2019-04-01,1.2775582839037898,1.2537283251457743,0.023829958758015524
2019-04-02,1.2649817910942351,1.244265070586426,0.02071672050780915
2019-04-03,1.25177561477219,1.2534268109411268,-0.0016511961689369414
2019-04-04,1.2565337709896398,1.2592377340958183,-0.0027039631061784863
2019-04-08,1.2668409047164326,1.2625636986534217,0.004277206063010963
2019-04-09,1.2619836007513712,1.2582960520084303,0.0036875487429408604
2019-04-10,1.2642850306346938,1.2660864501689426,-0.0018014195342488382
2019-04-11,1.258116754449643,1.2633852638322631,-0.005268509382620135
2019-04-12,1.2540844302272447,1.266221549310512,-0.012137119083267311
2019-04-15,1.259209674722451,1.2608941716251423,-0.0016844969026912349
2019-04-16,1.2525231766293008,1.2616917578118934,-0.009168581182592561
2019-04-17,1.2611585560371028,1.2657545909567496,-0.004596034919646774
2019-04-18,1.2659496641117314,1.2752975361087557,-0.00934787199702436
2019-04-19,1.2613365038923865,1.3005473726074923,-0.03921086871510582
2019-04-23,1.256950718407225,1.2987237405602785,-0.04177302215305345
2019-04-24,1.2626149806027356,1.3113862146131023,-0.04877123401036676
2019-04-25,1.244034231913068,1.3273927011346596,-0.08335846922159162
2019-04-26,1.2467617378222162,1.3153370308162773,-0.06857529299406107
2019-04-29,1.2333629711038476,1.3002390662039778,-0.06687609510013015
2019-04-30,1.2344112132743141,1.3121257537761557,-0.07771454050184157
2019-05-06,1.227813363514218,1.33018964924589,-0.1023762857316719
2019-05-07,1.2303164460888893,1.3448919183708308,-0.11457547228194143
2019-05-08,1.2194757256338435,1.3547377056626333,-0.13526198002878975
2019-05-09,1.2326642263049068,1.3491694846843183,-0.1165052583794115
2019-05-10,1.2439679986217582,1.3534574851854555,-0.10948948656369728
2019-05-13,1.2385967788307386,1.3423250370673807,-0.10372825823664211
2019-05-14,1.2536497626987906,1.3495465950892873,-0.09589683239049673
2019-05-15,1.2425434391893428,1.3362477878710604,-0.09370434868171751
2019-05-16,1.2491964417359598,1.3328328509970646,-0.08363640926110483
2019-05-17,1.2595570664872038,1.3402316352886439,-0.08067456880144008
2019-05-20,1.2789163931893432,1.3469391021265888,-0.0680227089372456
2019-05-21,1.2844122269928437,1.3520196427249902,-0.06760741573214646
2019-05-22,1.2781600729539009,1.3559080456527715,-0.07774797269887057
2019-05-23,1.2798797436968323,1.3474213194727613,-0.06754157577592901
2019-05-24,1.2816470481682614,1.359086124337342,-0.07743907616908063
2019-05-27,1.2861072768795898,1.3474754607262744,-0.06136818384668463
2019-05-28,1.274510317015081,1.337313375303249,-0.06280305828816779
2019-05-29,1.2686288063419855,1.3361344671504,-0.06750566080841458
2019-05-30,1.2718988228383206,1.3268368568039903,-0.054938033965669764
2019-05-31,1.2615264571986304,1.3126556728713608,-0.05112921567273032
2019-06-03,1.2649910402219147,1.3153340541970049,-0.05034301397509022
2019-06-04,1.2804932301316443,1.3251124796346223,-0.04461924950297802
2019-06-05,1.2819678671704362,1.3311489968319545,-0.04918112966151833
2019-06-06,1.2752310714645867,1.3495595204770439,-0.07432844901245717
2019-06-10,1.282061582142902,1.3213373701775653,-0.03927578803466325
2019-06-11,1.2750358512158806,1.3079016017959324,-0.03286575058005181
2019-06-12,1.2592907896004635,1.3279687989308842,-0.06867800933042068
2019-06-13,1.2623697905519657,1.3417342850845402,-0.07936449453257444
2019-06-14,1.2776480569731188,1.3586427433229085,-0.08099468634978968
2019-06-17,1.2870355636746809,1.3268642813758593,-0.03982871770117846
2019-06-18,1.2776007686871955,1.3176230027135065,-0.040022234026311
2019-06-19,1.2647597933333115,1.3235050322934983,-0.058745238960186796
2019-06-20,1.2760123203402913,1.3240963559044314,-0.04808403556414009
2019-06-21,1.263479948219421,1.3300270228235307,-0.06654707460410969
2019-06-24,1.276103458874584,1.2916848472178613,-0.015581388343277158
2019-06-25,1.26215691941587,1.289382856360976,-0.027225936945106
2019-06-26,1.2513946678961947,1.2813229884246322,-0.029928320528437524
2019-06-27,1.2634804441002132,1.2916176300860758,-0.028137185985862567
2019-06-28,1.261176484190831,1.283806364358643,-0.022629880167811978
2019-07-01,1.2457527817398943,1.272715897322199,-0.026963115582304686
2019-07-02,1.2521705164778731,1.2557598800223426,-0.0035893635444694816
2019-07-03,1.2480245798593799,1.2591881863253014,-0.011163606465921516
2019-07-04,1.245704848220936,1.2525782141001516,-0.006873365879215498
2019-07-05,1.2414955602970752,1.2528642481589327,-0.011368687861857518
2019-07-08,1.2245633778048397,1.2570471466665067,-0.03248376886166704
2019-07-09,1.2158485920857236,1.2479340454311345,-0.03208545334541091
2019-07-10,1.1963405078886071,1.2357425126791288,-0.039402004790521694
2019-07-11,1.1990162175623038,1.2255393100405367,-0.026523092478232924
2019-07-12,1.1997617222298411,1.2155918162136437,-0.01583009398380253
2019-07-15,1.216895069892873,1.2075752346462845,0.009319835246588637
2019-07-16,1.2274109160606497,1.2037961220885673,0.023614793972082326
2019-07-17,1.2579618921611175,1.2060496967536984,0.05191219540741909
2019-07-18,1.250674433946786,1.2368406089555817,0.013833824991204224
2019-07-19,1.2480527788943887,1.2549053454647328,-0.006852566570344054
2019-07-22,1.26601113038692,1.2722559790045735,-0.00624484861765362
2019-07-23,1.262804166656585,1.2639964101458565,-0.001192243489271494
2019-07-24,1.2661205081521583,1.2445931934783432,0.02152731467381508
2019-07-25,1.2628790167739776,1.2458729786415814,0.017006038132396206
2019-07-26,1.2807345990862113,1.239624048663838,0.04111055042237344
2019-07-29,1.2688659735901635,1.2446045294111725,0.02426144417899101
2019-07-30,1.2625111801274733,1.2475471548387116,0.014964025288761729
2019-07-31,1.2671916552852098,1.256476580786011,0.01071507449919884
2019-08-01,1.2581185937803732,1.2639028684403302,-0.005784274659957012
2019-08-02,1.2693612359471222,1.2750456363279175,-0.005684400380795207
2019-08-05,1.2670244525390226,1.2675969208941873,-0.0005724683551646681
2019-08-06,1.2589780757920204,1.2745886445526213,-0.015610568760600962
2019-08-07,1.2662064497949252,1.2694561642751019,-0.0032497144801766353
2019-08-08,1.2520497552730816,1.246576597968107,0.005473157304974663
2019-08-09,1.2608405842681405,1.2558397433955544,0.005000840872586121
2019-08-12,1.2473199606351055,1.2453613876453673,0.0019585729897382276
2019-08-13,1.2553423728902908,1.2395433013249486,0.015799071565342215
2019-08-14,1.269302317347249,1.2535004137788466,0.015801903568402498
2019-08-15,1.2627548371102615,1.2376923428098345,0.025062494300426952
2019-08-16,1.2728429543448383,1.2479656446170604,0.024877309727777908
2019-08-19,1.2664649875236342,1.2416058816468458,0.024859105876788412
2019-08-20,1.2803860011622097,1.2275644657211682,0.05282153544104151
2019-08-21,1.2949620919215907,1.2080734226563037,0.08688866926528704
2019-08-22,1.3103891471297235,1.2090651334549802,0.10132401367474331
2019-08-23,1.3155097503282616,1.2055391973995655,0.10997055292869606
2019-08-26,1.3107340392936058,1.2016948553019522,0.10903918399165358
2019-08-27,1.3142461802437433,1.2177301030779102,0.0965160771658331
2019-08-28,1.2912893573827537,1.2362188768891147,0.05507048049363905
2019-08-29,1.2995230057536435,1.2415732246407063,0.05794978111293725
2019-08-30,1.330941457060759,1.2451419920545637,0.08579946500619529
2019-09-02,1.3121168970775234,1.275993848236065,0.03612304884145834
2019-09-03,1.3138821824872382,1.2767272727044154,0.037154909782822765
2019-09-04,1.3260868516940931,1.2854042912636998,0.04068256043039331
2019-09-05,1.3189961184241379,1.2999017469419232,0.01909437148221471
2019-09-06,1.3163015177914434,1.3100231125777937,0.0062784052136497515
2019-09-09,1.3227129399979802,1.3196247093252296,0.003088230672750658
2019-09-10,1.3313236646880984,1.319397341332195,0.011926323355903268
2019-09-11,1.3358764830020018,1.3249660713248437,0.010910411677158116
2019-09-12,1.34083940618162,1.3284610959664347,0.012378310215185317
2019-09-16,1.3372098666451024,1.3227118720493458,0.014497994595756625
2019-09-17,1.345356211206659,1.338064836396694,0.007291374809965001
2019-09-18,1.3270441158567974,1.3173398657926285,0.009704250064168862
2019-09-19,1.3367770653818003,1.3199066244176711,0.016870440964129152
2019-09-20,1.3546655531933507,1.3138979145040812,0.04076763868926947
2019-09-23,1.3414331576382497,1.3272390168166484,0.014194140821601309
2019-09-24,1.3329736755818833,1.304018499985581,0.02895517559630223
2019-09-25,1.3328107619345815,1.309218883773509,0.023591878161072444
2019-09-26,1.3329929115807515,1.2978808433068418,0.03511206827390967
2019-09-27,1.3356982686595276,1.2886435734166077,0.04705469524291983
2019-09-30,1.3283530194004862,1.2912581718204732,0.037094847580013024
2019-10-08,1.3315561152829123,1.2660073084340164,0.06554880684889586
2019-10-09,1.3366831360416234,1.2659747840149602,0.07070835202666315
2019-10-10,1.3476296264250835,1.2694152970943198,0.07821432933076378
2019-10-11,1.3491545576265926,1.264927728371743,0.08422682925484959
2019-10-14,1.3454608633493916,1.262604380731457,0.08285648261793455
2019-10-15,1.3367387096585286,1.2745759423190446,0.062162767339484004
2019-10-16,1.3383676001531413,1.2933098076007665,0.04505779255237474
2019-10-17,1.3397868917121225,1.288011027506373,0.05177586420574953
2019-10-18,1.3218262812715837,1.2977626791448642,0.02406360212671954
2019-10-21,1.3236554568924046,1.2847121383942712,0.03894331849813337
2019-10-22,1.3260996612015348,1.27046863882189,0.05563102237964479
2019-10-23,1.3240677728778698,1.2537647351040284,0.07030303777384139
2019-10-24,1.325770019497213,1.2459529213139535,0.07981709818325955
2019-10-25,1.3219907946798943,1.2472590940932071,0.07473170058668721
2019-10-28,1.319992627822501,1.2593414368086508,0.06065119101385008
2019-10-29,1.330896817114803,1.2450328741749321,0.08586394293987087
2019-10-30,1.313268960011632,1.2478919927015273,0.06537696731010478
2019-10-31,1.3128887217055227,1.2411674232873948,0.07172129841812791
2019-11-01,1.3068350897704766,1.253534415168214,0.05330067460226262
2019-11-04,1.3174932786490325,1.2488855692585392,0.06860770939049332
2019-11-05,1.3481967179968473,1.2633301896207518,0.08486652837609543
2019-11-06,1.345840680799852,1.2600583601499693,0.08578232064988267
2019-11-07,1.3564159509984437,1.2664039300325596,0.09001202096588412
2019-11-08,1.3461233904219043,1.2740936038239286,0.07202978659797576
2019-11-11,1.3319404368003287,1.2720417397786965,0.0598986970216322
2019-11-12,1.3252431734686734,1.2640098108591675,0.06123336260950585
2019-11-13,1.323386681241216,1.2649333223758992,0.058453358865316885
2019-11-14,1.3033197939621064,1.2669578044851273,0.036361989476979106
2019-11-15,1.294622434637114,1.2626777813067989,0.031944653330315154
2019-11-18,1.3026184289324425,1.2537544444796733,0.04886398445276918
2019-11-19,1.3077711784277137,1.263282802777113,0.04448837565060071
2019-11-20,1.282271664646644,1.261192930116322,0.021078734530322052
2019-11-21,1.2929540918239115,1.2740150000993595,0.018939091724551993
2019-11-22,1.3047036467949,1.2797002517591871,0.025003395035712916
2019-11-25,1.3068133992336655,1.2804392003270175,0.02637419890664794
2019-11-26,1.327794362461345,1.2901105859671316,0.037683776494213506
2019-11-27,1.3203915539723894,1.3041463561629685,0.016245197809420908
2019-11-28,1.3175920072365725,1.3090958026903128,0.008496204546259767
2019-11-29,1.3186503076256197,1.3300365009310904,-0.011386193305470638
2019-12-02,1.318721848713591,1.3019311747972182,0.01679067391637279
2019-12-03,1.3149202819215218,1.2773840706921693,0.03753621122935247
2019-12-04,1.2952190269408892,1.277511517539182,0.017707509401707178
2019-12-05,1.2924172335109778,1.265118656648333,0.027298576862644808
2019-12-06,1.2719855985177528,1.2815947734528377,-0.009609174935084841
2019-12-09,1.2840409011804836,1.2725934635478244,0.011447437632659208
2019-12-10,1.3015901734573394,1.2764876686130546,0.02510250484428478
2019-12-11,1.2987360716290317,1.2849286606739838,0.013807410955047894
2019-12-12,1.2919063702146911,1.2808246875906613,0.011081682624029865
2019-12-13,1.3175569335796298,1.2696819102805295,0.04787502329910032
2019-12-16,1.32600018472881,1.2424669319314536,0.08353325279735646
2019-12-17,1.3205272052012704,1.2399568998131356,0.08057030538813481
2019-12-18,1.3141743238814743,1.2462722639358637,0.0679020599456106
2019-12-19,1.318541685690335,1.236829910049478,0.08171177564085697
2019-12-20,1.3154549604099715,1.233554327068803,0.08190063334116848
2019-12-23,1.3089758587975853,1.2416623297084457,0.06731352908913957
2019-12-24,1.317846026453458,1.2527797589796692,0.06506626747378874
2019-12-25,1.3138230482102284,1.2462770478961114,0.06754600031411706
2019-12-26,1.30866778426465,1.2401604280255056,0.06850735623914428
2019-12-27,1.2880012337773177,1.2449615975452826,0.043039636232035106
2019-12-30,1.2795880466596892,1.2280407509411262,0.05154729571856298
2019-12-31,1.2646358586037698,1.2183190205216108,0.04631683808215903
2020-01-02,1.2707193246756727,1.226454326837273,0.04426499783839977
2020-01-03,1.2748063251342283,1.223488836999391,0.051317488134837275
2020-01-06,1.2596826276645468,1.220117188839311,0.03956543882523578
2020-01-07,1.2636283337775587,1.2187580612016726,0.04487027257588605
2020-01-08,1.2512773095212364,1.2150632492560192,0.03621406026521723
2020-01-09,1.2568477565262612,1.2182090243129586,0.03863873221330261
2020-01-10,1.2638657446038404,1.225207322260776,0.03865842234306438
2020-01-13,1.2773578208480958,1.2214558674511689,0.05590195339692694
2020-01-14,1.2598832473435,1.2176023109279894,0.04228093641551056
2020-01-15,1.2815804903325936,1.2116328596073807,0.06994763072521293
2020-01-16,1.2864184044518783,1.2153811652212083,0.07103723923066996
2020-01-17,1.2958083054565268,1.2250113397501474,0.07079696570637939
2020-01-20,1.312772052477625,1.2209444240513088,0.0918276284263162
2020-01-21,1.3170167925005356,1.2257898524359878,0.09122694006454779
2020-01-22,1.3204213713986885,1.2384848134522894,0.08193655794639909
2020-01-23,1.3183112741608256,1.236582128176936,0.08172914598388958
2020-02-03,1.320851714813422,1.2355590116417183,0.08529270317170368
2020-02-04,1.3313148713851704,1.2393373728481663,0.0919774985370041
2020-02-05,1.3347321994908061,1.248523989344832,0.08620821014597402
2020-02-06,1.3255866225974415,1.2368710776171448,0.08871554498029677
2020-02-07,1.3149731748467497,1.2458820340433552,0.06909114080339451
2020-02-10,1.3103405458117876,1.2758792508231542,0.03446129498863337
2020-02-11,1.3074541947881753,1.2873225234732104,0.02013167131496485
2020-02-12,1.3054198040469547,1.2697446758973359,0.03567512814961882
2020-02-13,1.2943501409567684,1.2619352243832092,0.032414916573559216
2020-02-14,1.2865441319821522,1.2727613394048514,0.013782792577300862
2020-02-17,1.2799596321917828,1.275469353973993,0.0044902782177898
2020-02-18,1.2825810697293998,1.2820409603590595,0.0005401093703403248
2020-02-19,1.2789825837135718,1.2662462536693064,0.012736330044265332
2020-02-20,1.2864491059898333,1.2824899712366848,0.003959134753148463
2020-02-21,1.2748624825228752,1.2826618810467216,-0.007799398523846479
2020-02-24,1.261663286855595,1.2870469564487461,-0.02538366959315108
2020-02-25,1.2757949258265262,1.2932168172889067,-0.01742189146238049
2020-02-26,1.2648384831653714,1.2958409101466464,-0.031002426981274978
2020-02-27,1.265317524541203,1.298939831238699,-0.03362230669749611
2020-02-28,1.265012706298921,1.3133359201200279,-0.048323213821106936
2020-03-02,1.2574442394083005,1.3198699427971348,-0.06242570338883424
2020-03-03,1.257196433288964,1.3079874816958408,-0.05079104840687676
2020-03-04,1.268112303076652,1.3284597657393904,-0.060347462662738494
2020-03-05,1.2662942789421618,1.3323443480662773,-0.06605006912411548
2020-03-06,1.2642869468518017,1.3431051285829216,-0.07881818173111999
2020-03-09,1.269754769907806,1.308322459076791,-0.03856768916898501
2020-03-10,1.2726692539518618,1.2953825753660677,-0.0227133214142059
2020-03-11,1.2633073268658703,1.3065746101275253,-0.043267283261654965
2020-03-12,1.2601995290612924,1.3008581915621538,-0.040658662500861364
2020-03-13,1.2456436286009502,1.2963325383076871,-0.050688909706736895
2020-03-16,1.2524393390388282,1.2844338908158193,-0.031994551776991065
2020-03-17,1.2557663491081432,1.28241785129978,-0.0266515021916367
2020-03-18,1.250912980309224,1.286566480448409,-0.03565350013918489
2020-03-19,1.2617873310793901,1.2816298916135151,-0.01984256053412503
2020-03-20,1.265253033389649,1.2799233589747792,-0.01467032558513015
2020-03-23,1.2667062615891171,1.2905321240326968,-0.02382586244357965
2020-03-24,1.2693844510899526,1.2870038589147212,-0.017619407824768674
2020-03-25,1.2653374036390872,1.2898263139352193,-0.024488910296132094
2020-03-26,1.2746286695806657,1.2907327060657834,-0.016104036485117712
2020-03-27,1.270832962549646,1.280983645691265,-0.010150683141619155
2020-03-30,1.2544886469881136,1.283924895789751,-0.029436248801637532
2020-03-31,1.2562944669296126,1.2853162557786928,-0.029021788849080243
2020-04-01,1.2545271180763478,1.2933267725192223,-0.03879965444287459
2020-04-02,1.2473186974476762,1.2954193995529995,-0.048100702105323245
2020-04-03,1.2477694707798053,1.2981547183224527,-0.05038524754264739
2020-04-07,1.2474739947643656,1.313923243350314,-0.06644924858594847
2020-04-08,1.2499310447235086,1.320312992614117,-0.07038194789060848
2020-04-09,1.2471012900593978,1.324484900492925,-0.07738361043352726
2020-04-10,1.2464813249422604,1.33329683085997,-0.08681550591770959
2020-04-13,1.2597351461026514,1.347156291978724,-0.08742114587607275
2020-04-14,1.248676688747088,1.33991475047715,-0.0912380617300621
2020-04-15,1.2677358813920627,1.336134580111799,-0.06839869871973625
2020-04-16,1.2704298215579157,1.359480718486141,-0.08905089692822532
2020-04-17,1.2729803952761267,1.3506247179520532,-0.07764432267592647
2020-04-20,1.2694851306819748,1.3441248289470613,-0.07463969826508654
2020-04-21,1.2655088472188984,1.333714685679807,-0.06820583846090855
2020-04-22,1.2651990658994705,1.315361378931331,-0.05016231303186047
2020-04-23,1.2699360036105463,1.3153068413596578,-0.04537083774911155
2020-04-24,1.2709397190039555,1.3037776819111768,-0.032837962907221296
2020-04-27,1.2778005038931555,1.314158271578049,-0.03635776768489363
2020-04-28,1.2967739262875977,1.3287135689423184,-0.03193964265472071
2020-04-29,1.2864990947262527,1.3454631350544002,-0.058964040328147505
2020-04-30,1.2695025353042741,1.3584820974633283,-0.08897956215905412
2020-05-06,1.2614423501426983,1.3668501921448206,-0.10540784200212228
2020-05-07,1.261557499288169,1.3897842111470469,-0.1282267118588778
2020-05-08,1.2533103651470678,1.4101548830672892,-0.15684451792022136
2020-05-11,1.2574771186386045,1.3976174194528281,-0.14014030081422368
2020-05-12,1.2535090719674995,1.3712821394588386,-0.11777306749133909
2020-05-13,1.2561385794187376,1.3496439518676746,-0.09350537244893697
2020-05-14,1.260337053260393,1.3505861134832144,-0.09024906022282142
2020-05-15,1.2759789973264128,1.3660552429612725,-0.09007624563485961
2020-05-18,1.2682388974919436,1.3513945695497143,-0.08315567205777064
2020-05-19,1.2671934895697976,1.3330348028094905,-0.06584131323969289
2020-05-20,1.2792353096543374,1.3493519024240082,-0.07011659276967075
2020-05-21,1.2774732385903038,1.3523780484637444,-0.07490480987344061
2020-05-22,1.276508786499625,1.3482975403031277,-0.07178875380350269
2020-05-25,1.2700167930284378,1.3538352884033296,-0.08381849537489172
2020-05-26,1.2709058756971812,1.3580620013321938,-0.08715612563501263
2020-05-27,1.2589942693340608,1.3843043250934297,-0.12531005575936893
2020-05-28,1.2622189027929915,1.3789359981639582,-0.11671709537096664
2020-05-29,1.2555232993724315,1.3800402964750231,-0.12451699710259168
2020-06-01,1.24133891972195,1.3953035282160688,-0.15396460849411886
2020-06-02,1.2242769465782222,1.3878003340173264,-0.16352338743910422
2020-06-03,1.2160212348356028,1.3824639994535206,-0.16644276461791785
2020-06-04,1.224870162213811,1.4004985880444631,-0.1756284258306522
2020-06-05,1.2112355725181883,1.3972475957586084,-0.1860120232404201
2020-06-08,1.2140835801561738,1.3809541511803005,-0.16687057102412672
2020-06-09,1.2133660468862975,1.3882053253121125,-0.17483927842581504
2020-06-10,1.2098761751760865,1.3977912901614455,-0.18791511498535907
2020-06-11,1.2018270444574641,1.4191847179595356,-0.21735767350207147
2020-06-12,1.19785420467954,1.4181364496904731,-0.2202822450109332
2020-06-15,1.2008419419893106,1.4287375857530658,-0.22789564376375515
2020-06-16,1.2050668131633346,1.4102164144041291,-0.2051496012407945
2020-06-17,1.2108901800036507,1.4157210932243776,-0.20483091322072688
2020-06-18,1.220944720566666,1.426654869842714,-0.20571014927604803
2020-06-19,1.2214591778607842,1.4310627290094298,-0.2096035511486456
2020-06-22,1.2175401449163277,1.4323336605539567,-0.21479351563762905
2020-06-23,1.2274415429533188,1.436864764507622,-0.20942322155430326
2020-06-24,1.2281451237416452,1.4175565294252042,-0.18941140568355896
2020-06-29,1.2146387864664832,1.396115938699715,-0.1814771522332319
2020-06-30,1.2185587521537782,1.3861063491946906,-0.16754759704091238
2020-07-01,1.2149954604548932,1.370032054564446,-0.15503659410955284
2020-07-02,1.2124810641068662,1.3778070296488225,-0.16532596554195633
2020-07-03,1.2208702101331008,1.3683140807483458,-0.147443870615245
2020-07-06,1.217510946519731,1.3491530642834322,-0.13164211776370127
2020-07-07,1.2380752301048208,1.347572411510285,-0.10949718140546416
2020-07-08,1.2382692451293442,1.3193543206126839,-0.08108507548333965
2020-07-09,1.2373387490717296,1.3416698438638555,-0.10433109479212588
2020-07-10,1.2334467841628158,1.3363384134853458,-0.10289162932252993
2020-07-13,1.2349721098629851,1.3299095453470218,-0.09493743548403666
2020-07-14,1.2290252318822088,1.3452926990455205,-0.11626746716331171
2020-07-15,1.2314031270567145,1.3405124808331232,-0.10910935377640874
2020-07-16,1.2314384025157186,1.3527046598939227,-0.12126625737820418
2020-07-17,1.2353326720879545,1.3247196811007482,-0.08938700901279373
2020-07-20,1.2426695442553348,1.326748968219764,-0.08407942396442913
2020-07-21,1.2427214313611914,1.3076271009969016,-0.0649056696357102
2020-07-22,1.2443427855249185,1.3146725363012837,-0.07032975077636516
2020-07-23,1.2466564793640362,1.3055522209524102,-0.05889574158837396
2020-07-24,1.2461667148912208,1.2835452309106454,-0.03737851601942466
2020-07-27,1.2536140697962028,1.2817089368338817,-0.028094867037678828
2020-07-28,1.2565357949636906,1.2773885958111904,-0.02085280084749974
2020-07-29,1.2607631824537902,1.290988652848437,-0.030225470394646736
2020-07-30,1.2530707806935915,1.296532779548717,-0.04346199885512547
2020-07-31,1.2470864235751367,1.3145685273754193,-0.06748210380028263
2020-08-03,1.2503392746345678,1.3218299688359902,-0.0714906942014224
2020-08-04,1.256416819832253,1.3222824585244302,-0.06586563869217721
2020-08-05,1.2586124733213946,1.3325811388009274,-0.07396866547953285
2020-08-06,1.261969759761669,1.3424169607549772,-0.08044720099330815
2020-08-07,1.2633748518447268,1.3608432582073158,-0.09746840636258902
2020-08-10,1.2680444026882558,1.3520506627490223,-0.0840062600607665
2020-08-11,1.2659897029437308,1.34557157730209,-0.07958187435835917
2020-08-12,1.2577745289760718,1.3431935416087086,-0.08541901263263685
2020-08-13,1.2528806633200134,1.3317165253974637,-0.0788358620774503
2020-08-14,1.246621528170182,1.3068234676128572,-0.060201939442675156
2020-08-17,1.2483341398409398,1.3134613465863068,-0.06512720674536698
2020-08-18,1.246307288609072,1.2935386083778606,-0.04723131976878858
2020-08-19,1.2404650145165257,1.2923434408344976,-0.051878426317971904
2020-08-20,1.2401092752602016,1.2682850795147487,-0.02817580425454702
2020-08-21,1.245634405639984,1.267555398992368,-0.021920993352384066
2020-08-24,1.2418307919086897,1.2659365864000416,-0.024105794491351862
2020-08-25,1.2406281442536002,1.257967767638979,-0.017339623385378866
2020-08-26,1.2440721196059998,1.2523474197475135,-0.008275300141513675
2020-08-27,1.2381618058187007,1.2632723702748876,-0.025110564456186868
2020-08-28,1.2238627911072175,1.2813191897151637,-0.05745639860794616
2020-08-31,1.229608654981819,1.2911052758754562,-0.061496620893637166
2020-09-01,1.226343537965075,1.2991404028079234,-0.07279686484284853
2020-09-02,1.2311364395894873,1.3178126838600726,-0.08667624427058529
2020-09-03,1.2195040366461916,1.2973428887498701,-0.07783885210367858
2020-09-04,1.2265704478580217,1.2987548334119121,-0.0721843855538904
2020-09-07,1.2291071082500702,1.3106712597359025,-0.08156415148583229
2020-09-08,1.2213378131341113,1.307642243677573,-0.08630443054346171
2020-09-09,1.2122150208545817,1.3041226341288332,-0.09190761327425157
2020-09-10,1.2128485057049847,1.3149762808635928,-0.10212777515860805
2020-09-11,1.2166309874887555,1.3250934883784313,-0.1084625008896758
2020-09-14,1.220219915313902,1.32749921827667,-0.10727930296276811
2020-09-15,1.2204574804146977,1.3223159453557447,-0.101858464941047
2020-09-16,1.221895344986506,1.3203756634858959,-0.09848031849938987
2020-09-17,1.224787118449417,1.3288966969974583,-0.10410957854804126
2020-09-18,1.2255277860153744,1.3239779175020152,-0.09845013148664084
2020-09-21,1.2244253032243704,1.3172488544935883,-0.09282355126921793
2020-09-22,1.2208950557771119,1.323842533793378,-0.10294747801626603
2020-09-23,1.211390811639653,1.3287244609334548,-0.11733364929380175
2020-09-24,1.2177431472827795,1.324198442239306,-0.1064552949565265
2020-09-25,1.214945448559374,1.3119020521886786,-0.09695660362930458
2020-09-28,1.208885907168276,1.2890662364085619,-0.08018032924028584
2020-09-29,1.204681283377363,1.2831362147056014,-0.07845493132823833
2020-09-30,1.2092860299778079,1.2890641058252852,-0.07977807584747731
2020-10-09,1.2114144580922648,1.2860372748865379,-0.07462281679427307
2020-10-12,1.2258311304710034,1.2923011146249543,-0.06646998415395089
2020-10-13,1.234399082934172,1.2935349714501894,-0.059135888516017365
2020-10-14,1.2369155988295775,1.2994977079421435,-0.06258210911256601
2020-10-15,1.2274498991683822,1.3001454075452241,-0.07269550837684191
2020-10-16,1.2235953026996196,1.3051741579741816,-0.08157885527456199
2020-10-19,1.2376382624088609,1.3047895554588436,-0.06715129304998269
2020-10-20,1.2261492476958282,1.3195058370466302,-0.09335658935080193
2020-10-21,1.2143754537411797,1.3141208832309634,-0.09974542948978371
2020-10-22,1.2196851596846878,1.303436862473187,-0.08375170278849908
2020-10-23,1.247812370964295,1.2976314614409348,-0.049819090476639794
2020-10-26,1.2510893747881509,1.3021962458087744,-0.0511068710206235
2020-10-27,1.2493306016148302,1.312368971223417,-0.06303836960858678
2020-10-28,1.27148474716406,1.2968537160081868,-0.02536896884412676
2020-10-29,1.284452205948202,1.2959137025436618,-0.011461496595459808
2020-10-30,1.2876096257490368,1.2918262479723501,-0.0042166222233133155
2020-11-02,1.2871180321053126,1.3072406813113797,-0.0201226492060671
2020-11-03,1.2848764901149692,1.2963893307522738,-0.011512840637304622
2020-11-04,1.2734023924659312,1.291375637699555,-0.01797324523362387
2020-11-05,1.2813677133017183,1.2926711334316148,-0.011303420129896491
2020-11-06,1.2871591619699227,1.3126856302318786,-0.025526468261955815
2020-11-09,1.2743831730533302,1.3002177427545898,-0.025834569701259635
2020-11-10,1.2779262804792768,1.3107743012582556,-0.03284802077897875
2020-11-11,1.2752202302238893,1.3168998109909487,-0.041679580767059354
2020-11-12,1.277970270679623,1.307469951686282,-0.029499681006659006
2020-11-13,1.2788075479317615,1.3123510722111003,-0.03354352427933871
2020-11-16,1.2862622997182103,1.3217004142445659,-0.03543811452635559
2020-11-17,1.2840780207391007,1.3156880602779157,-0.03161003953881503
2020-11-18,1.2781504448485634,1.3188838188308967,-0.04073337398233323
2020-11-19,1.2795729586466864,1.3219138216062911,-0.04234086295960471
2020-11-20,1.2803254620812108,1.3260693507542431,-0.04574388867303236
2020-11-23,1.2792258214358028,1.3323387964915807,-0.053112975055777945
2020-11-24,1.2728428224475707,1.3293093913039233,-0.056466568856352595
2020-11-25,1.2707540020911456,1.3223111270887105,-0.05155712499756482
2020-11-26,1.2697496769966865,1.318500221575503,-0.04875054457881656
2020-11-27,1.2659066804770063,1.3078777349393322,-0.04197105446232596
2020-11-30,1.2700090575860745,1.2912701957835184,-0.021261138197443907
2020-12-01,1.267357146867477,1.3096622620178164,-0.04230511515033952
2020-12-02,1.2653245518392093,1.302895274162819,-0.037570722323609695
2020-12-03,1.274801490957303,1.315561143670305,-0.04075965271300186
2020-12-04,1.2854295192162377,1.310740636404682,-0.025311117188444365
2020-12-07,1.2929499582658133,1.3252956115792986,-0.03234565331348538
2020-12-08,1.2940497174065808,1.3356496129436468,-0.041599895537066
2020-12-09,1.2825582647635014,1.3312740949383375,-0.04871583017483605
2020-12-10,1.279385582044589,1.3215155933314893,-0.042130011286900304
2020-12-11,1.277105791015913,1.3182195645284336,-0.04111377351252066
2020-12-14,1.2925204873752756,1.3205191202333362,-0.02799863285806059
2020-12-15,1.3023337292867023,1.3108810620306177,-0.008547332743915392
2020-12-16,1.299455809322541,1.3107084583877309,-0.011252649065189857
2020-12-17,1.2871587677134357,1.2970742429246382,-0.009915475211202507
2020-12-18,1.2814222205561503,1.3017121954156734,-0.020289974859523108
2020-12-21,1.2971253193848726,1.3130904319666272,-0.015965112581754592
2020-12-22,1.294074244194694,1.318273459840735,-0.024199215646041106
2020-12-23,1.286871255900112,1.3187647948700627,-0.03189353896995062
2020-12-24,1.281337193110185,1.3066442868449368,-0.02530709373475193
2020-12-25,1.2949866480554897,1.3108358212913684,-0.015849173235878755
2020-12-28,1.3014185605871236,1.3343624427920369,-0.03294388220491329
2020-12-29,1.298094927590011,1.3466838394406826,-0.04858891185067149
2020-12-30,1.281355511306726,1.3388914129285219,-0.05753590162179578
2020-12-31,1.2806367707351758,1.3314502378385895,-0.05081346710341372
2021-01-04,1.2752097798966564,1.3360623283886484,-0.060852548491991953
2021-01-05,1.2873506113617517,1.338621031534947,-0.051270420173195275
2021-01-06,1.27726641696194,1.349741520659021,-0.07247510369708099
2021-01-07,1.2694962141393942,1.3368105883014578,-0.06731437416206365
2021-01-08,1.2746987130499852,1.345403103884863,-0.0707043908348779
2021-01-11,1.2608430375275936,1.3628895032990251,-0.1020464657714315
2021-01-12,1.258636336230663,1.371187169860187,-0.112550833629524
2021-01-13,1.2572039803314448,1.320078521075851,-0.06287454074440624
2021-01-14,1.2704880455709473,1.3003068716134394,-0.029818826042492086
2021-01-15,1.2688983286522177,1.303303431686826,-0.0344051030346082
2021-01-18,1.2872557086663439,1.2972740372888338,-0.01001832862248997
2021-01-19,1.2880115314923921,1.2995572349753124,-0.011545703482920278
2021-01-20,1.2812098428762286,1.2972031824598715,-0.015993339583642907
2021-01-21,1.2807584038754376,1.2750212399267111,0.005737163948726476
2021-01-22,1.2966555900410708,1.267009384451751,0.02964620558931985
2021-01-25,1.303925579523174,1.2474760317229323,0.056449547800241584
2021-01-26,1.3215119073799,1.267602451421688,0.05390945595821206
2021-01-27,1.3219246596309464,1.271913774899583,0.05001088473136339
2021-01-28,1.3476214890808922,1.2811962935728383,0.06642519550805392
2021-01-29,1.3516975998415108,1.289183073574581,0.06251452626692977
2021-02-01,1.3518914841749374,1.2896149708124636,0.06227651336247386
2021-02-02,1.3499991028945182,1.2776605564475512,0.07233854644696702
2021-02-03,1.3476391884977483,1.2930354365501593,0.05460375194758904
2021-02-04,1.3343689200030002,1.296068119020707,0.03830080098229316
2021-02-05,1.323998376091363,1.2986794855886454,0.025318890502717517
2021-02-08,1.3209324819539727,1.2984614925493814,0.022470989404591357
2021-02-09,1.3173899437622265,1.311138744463696,0.006251199298530574
2021-02-10,1.307473264549732,1.32084324769632,-0.013369983146588105
2021-02-18,1.301047311993828,1.3167113207520156,-0.01566400875818763
2021-02-19,1.3033317429728928,1.2975357495547009,0.005795993418191925
2021-02-22,1.3030791172971359,1.3034364646468255,-0.00035734734968961845
2021-02-23,1.3112019940826147,1.2932153550884278,0.017986638994186954
2021-02-24,1.309219089897179,1.2940297515883865,0.015189338308792433
2021-02-25,1.3237896614884006,1.3097685884952168,0.01402107299318378
2021-02-26,1.3233323016147922,1.2985330481488973,0.024799253465894955
2021-03-01,1.3332644055437346,1.3077649528897903,0.025499452653944266
2021-03-02,1.3584874819404829,1.2715578632993383,0.08692961864114457
2021-03-03,1.3600868955286034,1.2646588632990245,0.09542803222957885
2021-03-04,1.3548011255784214,1.2845050458717127,0.0702960797067087
2021-03-05,1.363463531013372,1.2963736583666141,0.06708987264675792
2021-03-08,1.3451418491383111,1.3166578176198485,0.028484031518462682
2021-03-09,1.338701168682177,1.331036254188776,0.00766491449340112
2021-03-10,1.3340329538890738,1.3386875971383088,-0.004654643249234924
2021-03-11,1.3204728547280642,1.3199525302792767,0.0005203244487874681
2021-03-12,1.3347368997325195,1.317125883484289,0.017611016248230582
2021-03-15,1.351960911734697,1.3301851897085695,0.02177572202612743
2021-03-16,1.3398791475038594,1.3334607556894609,0.006418391814398516
2021-03-17,1.3407410915861424,1.340776592348205,-3.550076206249031e-05
2021-03-18,1.3357434762071714,1.3380957750638365,-0.0023522988566651026
2021-03-19,1.3236083990767356,1.323853124594523,-0.00024472551778753626
2021-03-22,1.3184911049016146,1.3378452550006072,-0.019354150098992662
2021-03-23,1.3073410075328051,1.3495420847326474,-0.04220107719984223
2021-03-24,1.3117192955004566,1.3610342635777672,-0.04931496807731062
2021-03-25,1.3131886785600686,1.3539421422564857,-0.04075346369641708
2021-03-26,1.3182031467220736,1.3553951441687178,-0.03719199744664414
2021-03-29,1.321142507893198,1.3521693342784862,-0.031026826385288198
2021-03-30,1.3199913648030037,1.340947395490259,-0.020956030687255378
2021-03-31,1.3217876530622719,1.330646072604563,-0.008858419542291163
2021-04-01,1.319918341126443,1.3251606709849404,-0.005242329858497374
2021-04-02,1.3439913445836624,1.3161518636764569,0.02783948090720556
2021-04-06,1.3366867186270976,1.3081422256217483,0.028544493005349336
2021-04-07,1.3176303046976712,1.317255168072685,0.0003751366249862276
2021-04-08,1.3002529704540882,1.3498191450290191,-0.049566174574930955
2021-04-09,1.2787693905947197,1.3704865351143474,-0.09171714451962765
2021-04-12,1.2687854441480508,1.350275938770014,-0.08149049462196323
2021-04-13,1.2627759466577324,1.344876928615997,-0.08210098195826454
2021-04-14,1.2703465263047082,1.3504308360871946,-0.08008430978248637
2021-04-15,1.2717767621784395,1.3577793747410338,-0.08600261256259434
2021-04-16,1.2846496397444742,1.367652357501956,-0.08300271775748169
2021-04-19,1.2818498235857756,1.3581465782103297,-0.0762967546245541
2021-04-20,1.2771177289861284,1.351576216367578,-0.07445848738144956
2021-04-21,1.2773125848164464,1.3396714788995585,-0.062358894083112126
2021-04-22,1.2828865929308257,1.3250457750365667,-0.04215918210574099
