date,open,high,low,close,volume,hold,settle
2016-04-01,5100.0,5195.0,5090.0,5185.0,18690,39556,5140.0
2016-04-06,5135.0,5140.0,5030.0,5050.0,18432,46364,5065.0
2016-04-07,5075.0,5095.0,5035.0,5040.0,13352,47322,5065.0
2016-04-08,5015.0,5015.0,4920.0,4975.0,33640,52216,4965.0
2016-04-11,5050.0,5060.0,4965.0,4990.0,30540,53596,5005.0
2016-04-12,5005.0,5010.0,4950.0,4985.0,16942,55778,4980.0
2016-04-13,5035.0,5110.0,4960.0,4980.0,50224,58436,5045.0
2016-04-14,4975.0,5020.0,4950.0,5015.0,26852,60206,4995.0
2016-04-15,5020.0,5065.0,5010.0,5020.0,29538,58308,5035.0
2016-04-18,4970.0,5025.0,4945.0,4990.0,29384,62372,4990.0
2016-04-19,5015.0,5040.0,4965.0,4985.0,32648,65080,4995.0
2016-04-20,5015.0,5090.0,5005.0,5060.0,67428,66428,5045.0
2016-04-21,5115.0,5245.0,5110.0,5245.0,76418,64988,5200.0
2016-04-22,5175.0,5220.0,5125.0,5150.0,51004,54168,5165.0
2016-04-25,5120.0,5255.0,5110.0,5240.0,48948,52514,5200.0
2016-04-26,5235.0,5355.0,5210.0,5220.0,55432,47702,5285.0
2016-04-27,5255.0,5315.0,5210.0,5270.0,38794,48666,5260.0
2016-04-28,5265.0,5280.0,5225.0,5255.0,24528,48444,5255.0
2016-04-29,5320.0,5320.0,5235.0,5285.0,21122,47862,5265.0
2016-05-03,5255.0,5270.0,5130.0,5160.0,35740,44292,5175.0
2016-05-04,5150.0,5150.0,5075.0,5080.0,35054,48704,5095.0
2016-05-05,5100.0,5110.0,5050.0,5055.0,21260,50104,5065.0
2016-05-06,5005.0,5115.0,5000.0,5080.0,32938,53666,5065.0
2016-05-09,5120.0,5120.0,5020.0,5040.0,22816,52756,5050.0
2016-05-10,5015.0,5090.0,5000.0,5055.0,19524,51060,5055.0
2016-05-11,5070.0,5095.0,5060.0,5085.0,12520,50372,5080.0
2016-05-12,5100.0,5110.0,5065.0,5095.0,14730,51136,5090.0
2016-05-13,5045.0,5080.0,5020.0,5070.0,21570,50984,5055.0
2016-05-16,5070.0,5085.0,5035.0,5045.0,15378,51866,5055.0
2016-05-17,5070.0,5080.0,5050.0,5060.0,11562,51360,5060.0
2016-05-18,5070.0,5145.0,5070.0,5090.0,28736,50608,5105.0
2016-05-19,5070.0,5145.0,5065.0,5145.0,25586,50796,5115.0
2016-05-20,5170.0,5220.0,5125.0,5210.0,31272,54046,5170.0
2016-05-23,5165.0,5230.0,5120.0,5150.0,40374,52008,5170.0
2016-05-24,5140.0,5170.0,5095.0,5095.0,24540,53380,5125.0
2016-05-25,5120.0,5140.0,5095.0,5110.0,19218,55198,5110.0
2016-05-26,5115.0,5150.0,5070.0,5095.0,21948,58138,5105.0
2016-05-27,5075.0,5100.0,5040.0,5045.0,24910,58608,5070.0
2016-05-30,5050.0,5145.0,5005.0,5130.0,26250,57398,5075.0
2016-05-31,5120.0,5175.0,5120.0,5155.0,21858,55032,5145.0
2016-06-01,5140.0,5185.0,5130.0,5180.0,23064,60382,5155.0
2016-06-02,5200.0,5200.0,5130.0,5170.0,21354,60544,5165.0
2016-06-03,5180.0,5190.0,5150.0,5150.0,17600,59150,5170.0
2016-06-06,5155.0,5180.0,5140.0,5155.0,16058,57718,5155.0
2016-06-07,5165.0,5200.0,5135.0,5170.0,20512,57080,5170.0
2016-06-08,5170.0,5180.0,5105.0,5115.0,18422,54362,5150.0
2016-06-13,5090.0,5100.0,5045.0,5050.0,32216,54778,5070.0
2016-06-14,5050.0,5080.0,5020.0,5020.0,25412,55286,5045.0
2016-06-15,5020.0,5045.0,4965.0,5020.0,24198,56658,5010.0
2016-06-16,5005.0,5065.0,5005.0,5025.0,18040,57566,5035.0
2016-06-17,5010.0,5095.0,5005.0,5090.0,23982,54726,5055.0
2016-06-20,5105.0,5230.0,5090.0,5225.0,41116,56300,5160.0
2016-06-21,5230.0,5295.0,5185.0,5280.0,40936,58310,5235.0
2016-06-22,5290.0,5380.0,5265.0,5360.0,43652,68770,5320.0
2016-06-23,5365.0,5555.0,5355.0,5485.0,138844,112412,5475.0
2016-06-24,5480.0,5545.0,5455.0,5505.0,91760,126940,5500.0
2016-06-27,5520.0,5700.0,5520.0,5665.0,109444,143166,5635.0
2016-06-28,5675.0,5765.0,5600.0,5715.0,90088,150460,5670.0
2016-06-29,5720.0,5750.0,5635.0,5675.0,65066,154538,5670.0
2016-06-30,5685.0,5785.0,5675.0,5715.0,61254,154648,5720.0
2016-07-01,5700.0,5760.0,5600.0,5760.0,66826,160292,5705.0
2016-07-04,5785.0,5895.0,5740.0,5860.0,70474,156356,5840.0
2016-07-05,5825.0,5830.0,5680.0,5795.0,66064,149604,5760.0
2016-07-06,5660.0,5765.0,5645.0,5745.0,53404,148478,5710.0
2016-07-07,5780.0,5780.0,5675.0,5715.0,41462,148156,5720.0
2016-07-08,5645.0,5670.0,5605.0,5640.0,66990,149154,5635.0
2016-07-11,5645.0,5715.0,5640.0,5685.0,32788,149840,5675.0
2016-07-12,5675.0,5815.0,5655.0,5805.0,38400,154154,5730.0
2016-07-13,5820.0,5930.0,5685.0,5725.0,67056,148118,5810.0
2016-07-14,5705.0,5815.0,5680.0,5745.0,34054,149134,5745.0
2016-07-15,5740.0,5785.0,5705.0,5770.0,23334,148452,5745.0
2016-07-18,5745.0,5775.0,5710.0,5730.0,23254,147532,5735.0
2016-07-19,5735.0,5740.0,5655.0,5700.0,32884,148784,5695.0
2016-07-20,5700.0,5715.0,5615.0,5665.0,40482,147072,5645.0
2016-07-21,5650.0,5790.0,5650.0,5775.0,47652,150538,5735.0
2016-07-22,5750.0,5780.0,5655.0,5705.0,34172,145528,5700.0
2016-07-25,5680.0,5695.0,5630.0,5665.0,24054,142794,5655.0
2016-07-26,5625.0,5655.0,5530.0,5610.0,51532,143132,5570.0
2016-07-27,5630.0,5730.0,5575.0,5590.0,27808,142156,5635.0
2016-07-28,5590.0,5715.0,5550.0,5700.0,34666,142626,5655.0
2016-07-29,5690.0,5745.0,5605.0,5610.0,28440,139254,5645.0
2016-08-01,5625.0,5780.0,5625.0,5730.0,43680,136440,5690.0
2016-08-02,5700.0,5735.0,5670.0,5700.0,36596,125144,5695.0
2016-08-03,5690.0,5850.0,5690.0,5825.0,57878,127312,5785.0
2016-08-04,5840.0,5860.0,5795.0,5840.0,38524,128222,5820.0
2016-08-05,5890.0,5890.0,5785.0,5810.0,36648,123886,5825.0
2016-08-08,5800.0,5975.0,5785.0,5970.0,43498,119204,5865.0
2016-08-09,5985.0,6075.0,5935.0,5995.0,47818,122176,6005.0
2016-08-10,5990.0,6000.0,5895.0,5940.0,26256,115602,5950.0
2016-08-11,5915.0,6020.0,5885.0,5955.0,30014,110438,5960.0
2016-08-12,5995.0,6000.0,5915.0,5950.0,21416,101258,5945.0
2016-08-15,5910.0,6010.0,5910.0,5955.0,19238,99292,5975.0
2016-08-16,5960.0,5980.0,5905.0,5950.0,14736,92748,5945.0
2016-08-17,5935.0,5960.0,5840.0,5865.0,24376,82400,5915.0
2016-08-18,5665.0,5690.0,5605.0,5655.0,19290,88826,5655.0
2016-08-19,5665.0,5700.0,5640.0,5665.0,16728,91684,5665.0
2016-08-22,5645.0,5695.0,5645.0,5690.0,16046,94420,5680.0
2016-08-23,5690.0,5700.0,5655.0,5665.0,14086,92578,5680.0
2016-08-24,5680.0,5700.0,5570.0,5595.0,26930,88694,5640.0
2016-08-25,5570.0,5630.0,5520.0,5570.0,31054,89746,5580.0
2016-08-26,5570.0,5585.0,5545.0,5550.0,19774,86772,5560.0
2016-08-29,5540.0,5560.0,5500.0,5505.0,21238,88056,5515.0
2016-08-30,5510.0,5565.0,5505.0,5545.0,19816,90536,5535.0
2016-08-31,5545.0,5545.0,5440.0,5470.0,25758,90150,5480.0
2016-09-01,5450.0,5505.0,5445.0,5470.0,21396,89116,5470.0
2016-09-02,5465.0,5515.0,5450.0,5470.0,20258,88964,5485.0
2016-09-05,5490.0,5525.0,5450.0,5480.0,19918,90388,5480.0
2016-09-06,5495.0,5610.0,5480.0,5610.0,38274,86244,5565.0
2016-09-07,5570.0,5615.0,5555.0,5570.0,31136,85922,5585.0
2016-09-08,5580.0,5640.0,5580.0,5610.0,44234,92734,5610.0
2016-09-09,5605.0,5660.0,5600.0,5660.0,26768,92810,5615.0
2016-09-12,5660.0,5750.0,5605.0,5675.0,58744,102858,5655.0
2016-09-13,5695.0,5720.0,5635.0,5665.0,55080,116014,5680.0
2016-09-14,5655.0,5790.0,5650.0,5735.0,75076,129156,5735.0
2016-09-19,5750.0,5940.0,5750.0,5910.0,112114,160272,5875.0
2016-09-20,5920.0,6000.0,5880.0,5935.0,124178,190950,5935.0
2016-09-21,5950.0,6015.0,5920.0,5980.0,74192,206036,5975.0
2016-09-22,5995.0,6045.0,5960.0,6015.0,108020,226342,6010.0
2016-09-23,6015.0,6045.0,5905.0,5980.0,118980,220160,5970.0
2016-09-26,5980.0,6000.0,5925.0,5965.0,70622,216398,5970.0
2016-09-27,5990.0,6115.0,5915.0,5965.0,156366,225166,6025.0
2016-09-28,5950.0,5990.0,5925.0,5950.0,73902,214894,5950.0
2016-09-29,6000.0,6035.0,5880.0,5960.0,118916,196938,5945.0
2016-09-30,5955.0,6050.0,5915.0,6020.0,89102,196460,5985.0
2016-10-10,6090.0,6205.0,6050.0,6185.0,119652,205638,6125.0
2016-10-11,6245.0,6320.0,6195.0,6295.0,96358,215198,6260.0
2016-10-12,6300.0,6340.0,6250.0,6335.0,69178,226446,6300.0
2016-10-13,6315.0,6370.0,6295.0,6325.0,97938,243354,6325.0
2016-10-14,6335.0,6395.0,6315.0,6355.0,72502,242562,6350.0
2016-10-17,6370.0,6515.0,6335.0,6500.0,113704,237920,6425.0
2016-10-18,6500.0,6525.0,6440.0,6500.0,57770,240362,6480.0
2016-10-19,6500.0,6610.0,6485.0,6590.0,100056,228258,6555.0
2016-10-20,6610.0,6655.0,6595.0,6645.0,76132,228482,6625.0
2016-10-21,6600.0,6640.0,6535.0,6590.0,79328,218624,6585.0
2016-10-24,6620.0,6760.0,6590.0,6750.0,90308,213904,6670.0
2016-10-25,6760.0,6990.0,6745.0,6875.0,146546,189612,6865.0
2016-10-26,6825.0,6860.0,6735.0,6835.0,97588,191608,6800.0
2016-10-27,6850.0,6940.0,6805.0,6885.0,94554,201506,6870.0
2016-10-28,6900.0,7140.0,6895.0,7135.0,132886,213744,7030.0
2016-10-31,7170.0,7380.0,7140.0,7380.0,146648,229954,7290.0
2016-11-01,7360.0,7545.0,7290.0,7335.0,226578,212604,7415.0
2016-11-02,7350.0,7475.0,7185.0,7300.0,255684,213338,7330.0
2016-11-03,7330.0,7505.0,7295.0,7435.0,290406,207808,7395.0
2016-11-04,7500.0,7580.0,7285.0,7375.0,265710,194058,7370.0
2016-11-07,7430.0,7515.0,7335.0,7415.0,205088,190326,7410.0
2016-11-08,7445.0,7780.0,7410.0,7690.0,374816,189772,7610.0
2016-11-09,7780.0,7950.0,7735.0,7950.0,311484,173158,7840.0
2016-11-10,7960.0,7960.0,7690.0,7835.0,219684,164596,7845.0
2016-11-11,7870.0,8160.0,7860.0,8040.0,241056,161270,8025.0
2016-11-14,7805.0,7935.0,7685.0,7925.0,281018,168778,7815.0
2016-11-15,7980.0,8205.0,7805.0,7915.0,403052,161090,8000.0
2016-11-16,8050.0,8095.0,7775.0,7955.0,282140,164112,7895.0
2016-11-17,7930.0,7940.0,7655.0,7785.0,269672,162428,7805.0
2016-11-18,7740.0,7745.0,7415.0,7415.0,330892,157416,7520.0
2016-11-21,7355.0,7495.0,7310.0,7395.0,285992,140376,7395.0
2016-11-22,7505.0,7645.0,7480.0,7535.0,258600,133978,7550.0
2016-11-23,7540.0,7590.0,7185.0,7405.0,372068,139614,7330.0
2016-11-24,7480.0,7635.0,7340.0,7440.0,256868,124280,7460.0
2016-11-25,7455.0,7510.0,7300.0,7305.0,208156,115690,7385.0
2016-11-28,7290.0,7375.0,7215.0,7275.0,173778,106968,7290.0
2016-11-29,7250.0,7285.0,7115.0,7180.0,165564,109236,7185.0
2016-11-30,7110.0,7165.0,6845.0,7020.0,129316,108624,7020.0
2016-12-01,7125.0,7170.0,6965.0,6975.0,97144,97700,7060.0
2016-12-02,6645.0,6800.0,6580.0,6750.0,180542,113866,6705.0
2016-12-05,6750.0,6945.0,6730.0,6820.0,256712,123724,6830.0
2016-12-06,6825.0,6885.0,6745.0,6810.0,151786,125104,6800.0
2016-12-07,6845.0,7080.0,6825.0,7040.0,297322,147828,6955.0
2016-12-08,6990.0,7265.0,6900.0,7135.0,398934,165018,7115.0
2016-12-09,7035.0,7090.0,6810.0,6960.0,327586,146924,6945.0
2016-12-12,7100.0,7165.0,6990.0,7010.0,232246,143368,7065.0
2016-12-13,7000.0,7035.0,6895.0,6940.0,169056,137234,6965.0
2016-12-14,6875.0,6925.0,6720.0,6800.0,207092,131442,6815.0
2016-12-15,6750.0,6850.0,6715.0,6735.0,154494,136520,6770.0
2016-12-16,6765.0,6780.0,6485.0,6490.0,280746,153962,6620.0
2016-12-19,6470.0,6490.0,6290.0,6290.0,220902,150892,6385.0
2016-12-20,6270.0,6310.0,6170.0,6215.0,269682,151422,6235.0
2016-12-21,6240.0,6365.0,6225.0,6310.0,285518,155320,6300.0
2016-12-22,6290.0,6375.0,6290.0,6335.0,220904,138712,6335.0
2016-12-23,6370.0,6485.0,6255.0,6360.0,240336,138296,6345.0
2016-12-26,6340.0,6400.0,6190.0,6395.0,227420,133182,6290.0
2016-12-27,6360.0,6435.0,6265.0,6345.0,259928,147394,6345.0
2016-12-28,6445.0,6470.0,6180.0,6195.0,384328,174372,6295.0
2016-12-29,6205.0,6290.0,6135.0,6245.0,239706,162080,6240.0
2016-12-30,6205.0,6275.0,6160.0,6210.0,202320,154078,6220.0
2017-01-02,6205.0,6275.0,6160.0,6205.0,0,154078,0.0
2017-01-03,6215.0,6240.0,6010.0,6025.0,297090,170220,6065.0
2017-01-04,5990.0,6150.0,5950.0,6135.0,280916,147252,6085.0
2017-01-05,6155.0,6215.0,6105.0,6125.0,171118,152024,6145.0
2017-01-06,6150.0,6185.0,6080.0,6135.0,224062,156660,6130.0
2017-01-09,6135.0,6380.0,6105.0,6380.0,285438,144858,6255.0
2017-01-10,6380.0,6435.0,6310.0,6390.0,211502,144142,6375.0
2017-01-11,6435.0,6515.0,6335.0,6410.0,235202,135818,6410.0
2017-01-12,6420.0,6480.0,6375.0,6430.0,192506,136552,6420.0
2017-01-13,6450.0,6500.0,6415.0,6470.0,153230,137872,6455.0
2017-01-16,6550.0,6645.0,6525.0,6550.0,263320,144102,6590.0
2017-01-17,6550.0,6565.0,6370.0,6430.0,219580,133410,6470.0
2017-01-18,6430.0,6480.0,6405.0,6480.0,123098,132318,6440.0
2017-01-19,6465.0,6595.0,6405.0,6585.0,195288,141032,6500.0
2017-01-20,6565.0,6585.0,6510.0,6540.0,143384,128190,6540.0
2017-01-23,6560.0,6605.0,6495.0,6520.0,148092,125796,6550.0
2017-01-24,6550.0,6570.0,6455.0,6490.0,126280,130320,6510.0
2017-01-25,6485.0,6590.0,6450.0,6560.0,105330,117618,6535.0
2017-01-26,6595.0,6605.0,6500.0,6575.0,62026,112958,6535.0
2017-02-03,6620.0,6850.0,6610.0,6800.0,203504,143690,6760.0
2017-02-06,6820.0,6865.0,6750.0,6810.0,140656,146814,6800.0
2017-02-07,6800.0,6880.0,6785.0,6845.0,99878,149102,6840.0
2017-02-08,6810.0,6855.0,6720.0,6790.0,146270,142326,6785.0
2017-02-09,6805.0,6850.0,6785.0,6810.0,104872,145070,6815.0
2017-02-10,6820.0,6925.0,6770.0,6875.0,160906,158608,6845.0
2017-02-13,6950.0,6985.0,6900.0,6920.0,135964,158090,6945.0
2017-02-14,6900.0,6980.0,6880.0,6940.0,128578,156838,6935.0
2017-02-15,6880.0,6925.0,6740.0,6750.0,170504,139636,6825.0
2017-02-16,6770.0,6795.0,6690.0,6755.0,160470,128834,6740.0
2017-02-17,6760.0,6775.0,6635.0,6680.0,139200,125592,6695.0
2017-02-20,6670.0,6750.0,6640.0,6710.0,103208,128818,6705.0
2017-02-21,6730.0,6760.0,6510.0,6515.0,213062,127074,6620.0
2017-02-22,6505.0,6555.0,6470.0,6495.0,145922,122546,6510.0
2017-02-23,6490.0,6515.0,6335.0,6360.0,197476,120680,6410.0
2017-02-24,6335.0,6460.0,6280.0,6450.0,152156,112428,6380.0
2017-02-27,6450.0,6545.0,6450.0,6510.0,128142,106650,6500.0
2017-02-28,6490.0,6525.0,6400.0,6405.0,155306,110778,6460.0
2017-03-01,6445.0,6470.0,6370.0,6440.0,122160,113682,6420.0
2017-03-02,6445.0,6480.0,6395.0,6465.0,113466,115082,6440.0
2017-03-03,6400.0,6610.0,6380.0,6595.0,215636,121710,6545.0
2017-03-06,6615.0,6710.0,6610.0,6670.0,132720,120460,6660.0
2017-03-07,6700.0,6740.0,6615.0,6675.0,124248,116724,6670.0
2017-03-08,6590.0,6615.0,6400.0,6410.0,193656,112770,6495.0
2017-03-09,6325.0,6550.0,6300.0,6490.0,240938,118192,6465.0
2017-03-10,6495.0,6540.0,6360.0,6405.0,204726,119356,6420.0
2017-03-13,6305.0,6460.0,6280.0,6440.0,158570,119196,6390.0
2017-03-14,6445.0,6585.0,6400.0,6560.0,166356,127076,6480.0
2017-03-15,6610.0,6655.0,6560.0,6565.0,154764,121258,6605.0
2017-03-16,6590.0,6675.0,6565.0,6670.0,139668,126460,6610.0
2017-03-17,6650.0,6705.0,6610.0,6655.0,127050,127334,6650.0
2017-03-20,6650.0,6680.0,6550.0,6570.0,127738,115210,6590.0
2017-03-21,6560.0,6565.0,6370.0,6415.0,184710,101058,6445.0
2017-03-22,6370.0,6400.0,6305.0,6345.0,130112,91616,6355.0
2017-03-23,6390.0,6450.0,6235.0,6335.0,158440,96602,6345.0
2017-03-24,6340.0,6375.0,6260.0,6265.0,90160,94240,6330.0
2017-03-27,6230.0,6275.0,6110.0,6170.0,178008,96318,6170.0
2017-03-28,6215.0,6240.0,6185.0,6200.0,75106,89744,6215.0
2017-03-29,6270.0,6300.0,6215.0,6250.0,78560,80866,6260.0
2017-03-30,6285.0,6320.0,6095.0,6155.0,94530,83846,6180.0
2017-03-31,6190.0,6195.0,6080.0,6115.0,107686,87320,6120.0
2017-04-05,6135.0,6295.0,6085.0,6265.0,113370,63208,6210.0
2017-04-06,6235.0,6250.0,6185.0,6205.0,52718,59342,6215.0
2017-04-07,6130.0,6225.0,6005.0,6035.0,88478,74378,6105.0
2017-04-10,6075.0,6075.0,5940.0,5975.0,93738,88658,5995.0
2017-04-11,5970.0,6110.0,5935.0,5970.0,133668,100920,6020.0
2017-04-12,5965.0,5990.0,5895.0,5900.0,125396,114632,5935.0
2017-04-13,5920.0,5920.0,5760.0,5785.0,229042,140362,5815.0
2017-04-14,5795.0,5820.0,5650.0,5665.0,173058,153966,5700.0
2017-04-17,5700.0,5765.0,5605.0,5640.0,154844,160076,5685.0
2017-04-18,5620.0,5670.0,5530.0,5540.0,147766,163968,5585.0
2017-04-19,5520.0,5555.0,5455.0,5530.0,190394,170016,5495.0
2017-04-20,5505.0,5615.0,5480.0,5610.0,190892,170344,5530.0
2017-04-21,5615.0,5745.0,5615.0,5660.0,206876,145532,5685.0
2017-04-24,5640.0,5670.0,5505.0,5600.0,179946,144630,5575.0
2017-04-25,5590.0,5660.0,5530.0,5535.0,117900,143180,5595.0
2017-04-26,5545.0,5645.0,5505.0,5560.0,194886,145486,5575.0
2017-04-27,5590.0,5780.0,5570.0,5770.0,187372,143360,5650.0
2017-04-28,5795.0,5920.0,5755.0,5880.0,288076,141014,5845.0
2017-05-02,5880.0,5895.0,5815.0,5835.0,138460,130788,5850.0
2017-05-03,5830.0,5905.0,5775.0,5775.0,184516,131418,5840.0
2017-05-04,5660.0,5735.0,5560.0,5605.0,233878,129672,5660.0
2017-05-05,5570.0,5645.0,5535.0,5615.0,154060,129836,5600.0
2017-05-08,5690.0,5755.0,5620.0,5650.0,167326,129498,5675.0
2017-05-09,5675.0,5825.0,5660.0,5810.0,229802,137188,5760.0
2017-05-10,5820.0,5875.0,5640.0,5695.0,309988,129384,5750.0
2017-05-11,5715.0,5860.0,5665.0,5830.0,269462,125192,5765.0
2017-05-12,5795.0,5810.0,5705.0,5725.0,180886,116106,5755.0
2017-05-15,5750.0,5985.0,5750.0,5950.0,293220,127962,5885.0
2017-05-16,5955.0,5985.0,5900.0,5980.0,169816,125670,5940.0
2017-05-17,5970.0,5995.0,5890.0,5960.0,181114,121744,5940.0
2017-05-18,5935.0,6145.0,5885.0,6115.0,342466,145208,6025.0
2017-05-19,6160.0,6245.0,6110.0,6210.0,256756,143326,6165.0
2017-05-22,6245.0,6295.0,6135.0,6220.0,253272,135324,6215.0
2017-05-23,6220.0,6255.0,6140.0,6155.0,206986,136110,6195.0
2017-05-24,6160.0,6185.0,5945.0,6035.0,310188,118958,6055.0
2017-05-25,6040.0,6120.0,5975.0,6040.0,244294,118586,6050.0
2017-05-26,5980.0,6000.0,5865.0,5955.0,203294,111786,5930.0
2017-05-31,5955.0,6060.0,5915.0,5935.0,269396,119522,5985.0
2017-06-01,5950.0,6180.0,5925.0,6150.0,370310,147620,6075.0
2017-06-02,6130.0,6145.0,5870.0,5875.0,320560,121356,6030.0
2017-06-05,5925.0,5935.0,5795.0,5845.0,269562,116292,5855.0
2017-06-06,5860.0,5905.0,5760.0,5845.0,209696,120732,5840.0
2017-06-07,5870.0,5920.0,5815.0,5860.0,188224,118852,5865.0
2017-06-08,5815.0,5935.0,5795.0,5875.0,205668,114600,5850.0
2017-06-09,5875.0,5920.0,5855.0,5880.0,144168,112556,5880.0
2017-06-12,5920.0,6095.0,5910.0,6070.0,235272,127468,6030.0
2017-06-13,6070.0,6080.0,5965.0,5995.0,192160,123928,6025.0
2017-06-14,6010.0,6030.0,5900.0,5975.0,262810,119690,5955.0
2017-06-15,5925.0,5995.0,5850.0,5890.0,283718,125650,5935.0
2017-06-16,5910.0,5975.0,5855.0,5880.0,207106,129406,5910.0
2017-06-19,5885.0,5920.0,5805.0,5825.0,256514,139466,5855.0
2017-06-20,5810.0,5835.0,5730.0,5825.0,207714,138914,5785.0
2017-06-21,5785.0,5930.0,5785.0,5900.0,275468,132164,5875.0
2017-06-22,5920.0,5940.0,5865.0,5900.0,201328,128848,5895.0
2017-06-23,5915.0,6090.0,5915.0,6060.0,269012,150104,6020.0
2017-06-26,6075.0,6145.0,6040.0,6145.0,179588,153720,6100.0
2017-06-27,6130.0,6200.0,6105.0,6195.0,168426,172288,6155.0
2017-06-28,6200.0,6220.0,6110.0,6175.0,161200,169020,6160.0
2017-06-29,6195.0,6375.0,6155.0,6330.0,280272,190156,6280.0
2017-06-30,6320.0,6395.0,6310.0,6370.0,203372,198034,6355.0
2017-07-03,6410.0,6455.0,6355.0,6390.0,171148,193882,6400.0
2017-07-04,6390.0,6460.0,6275.0,6305.0,300546,186382,6350.0
2017-07-05,6350.0,6520.0,6340.0,6470.0,328156,209328,6455.0
2017-07-06,6430.0,6565.0,6415.0,6560.0,220034,218672,6480.0
2017-07-07,6520.0,6635.0,6520.0,6610.0,204786,217072,6570.0
2017-07-10,6600.0,6660.0,6560.0,6605.0,182100,215876,6605.0
2017-07-11,6635.0,6715.0,6575.0,6675.0,299890,213646,6645.0
2017-07-12,6705.0,6720.0,6555.0,6590.0,236270,206870,6615.0
2017-07-13,6590.0,6645.0,6510.0,6620.0,228950,203782,6590.0
2017-07-14,6605.0,6645.0,6495.0,6555.0,212850,198992,6560.0
2017-07-17,6595.0,6630.0,6505.0,6545.0,251828,189788,6560.0
2017-07-18,6560.0,6685.0,6480.0,6640.0,346450,199286,6595.0
2017-07-19,6665.0,6795.0,6660.0,6785.0,236214,212888,6740.0
2017-07-20,6760.0,7025.0,6725.0,6790.0,498204,193522,6900.0
2017-07-21,6720.0,6900.0,6700.0,6860.0,335670,186664,6775.0
2017-07-24,6790.0,6885.0,6755.0,6830.0,235614,181124,6820.0
2017-07-25,6855.0,6945.0,6845.0,6865.0,212022,181750,6880.0
2017-07-26,6900.0,6930.0,6750.0,6800.0,272040,169306,6805.0
2017-07-27,6825.0,6975.0,6790.0,6910.0,298482,189928,6875.0
2017-07-28,6910.0,6940.0,6805.0,6830.0,273748,176570,6865.0
2017-07-31,6850.0,6920.0,6700.0,6835.0,270912,164224,6795.0
2017-08-01,6850.0,6950.0,6810.0,6890.0,213430,166728,6875.0
2017-08-02,6880.0,7170.0,6870.0,7135.0,457846,196974,7060.0
2017-08-03,7140.0,7170.0,7065.0,7090.0,193760,179338,7105.0
2017-08-04,7100.0,7380.0,7100.0,7370.0,274548,183052,7295.0
2017-08-07,7395.0,7435.0,7100.0,7355.0,277496,146292,7285.0
2017-08-08,7355.0,7515.0,7315.0,7465.0,207832,136596,7415.0
2017-08-09,7420.0,7495.0,7325.0,7400.0,208618,174554,7420.0
2017-08-10,7385.0,7565.0,7340.0,7530.0,253688,198004,7440.0
2017-08-11,7500.0,7580.0,7160.0,7265.0,521004,191004,7385.0
2017-08-14,7295.0,7345.0,7210.0,7220.0,244482,196768,7270.0
2017-08-15,7180.0,7205.0,6970.0,7035.0,414068,185404,7055.0
2017-08-16,7010.0,7095.0,6955.0,7005.0,317540,183148,7025.0
2017-08-17,7150.0,7240.0,7065.0,7120.0,339058,178016,7150.0
2017-08-18,7095.0,7400.0,7090.0,7310.0,456150,193420,7300.0
2017-08-21,7360.0,7450.0,7265.0,7360.0,352964,187204,7350.0
2017-08-22,7350.0,7490.0,7255.0,7440.0,402808,178182,7380.0
2017-08-23,7375.0,7380.0,7190.0,7265.0,388382,173444,7275.0
2017-08-24,7320.0,7450.0,7315.0,7355.0,293064,168950,7370.0
2017-08-25,7435.0,7555.0,7390.0,7480.0,346118,180350,7470.0
2017-08-28,7355.0,7565.0,7310.0,7505.0,346886,206598,7470.0
2017-08-29,7505.0,7610.0,7425.0,7510.0,389646,195880,7515.0
2017-08-30,7470.0,7520.0,7390.0,7515.0,272602,203592,7455.0
2017-08-31,7460.0,7640.0,7450.0,7620.0,357356,226944,7560.0
2017-09-01,7640.0,7845.0,7640.0,7835.0,403984,248666,7750.0
2017-09-04,7950.0,7975.0,7730.0,7755.0,329016,224200,7820.0
2017-09-05,7755.0,7890.0,7735.0,7880.0,311304,232082,7830.0
2017-09-06,7815.0,7880.0,7740.0,7815.0,328212,235040,7810.0
2017-09-07,7860.0,7920.0,7540.0,7625.0,504480,244150,7725.0
2017-09-08,7640.0,7695.0,7525.0,7545.0,405572,255712,7605.0
2017-09-11,7460.0,7565.0,7315.0,7550.0,451948,244518,7430.0
2017-09-12,7650.0,7675.0,7510.0,7665.0,367166,234286,7600.0
2017-09-13,7655.0,7685.0,7275.0,7345.0,563038,259764,7440.0
2017-09-14,7365.0,7395.0,7250.0,7275.0,402750,253292,7320.0
2017-09-15,7285.0,7305.0,7060.0,7140.0,458612,240010,7160.0
2017-09-18,7120.0,7220.0,7060.0,7165.0,400300,231264,7140.0
2017-09-19,7180.0,7215.0,6990.0,7005.0,369878,232842,7105.0
2017-09-20,7065.0,7075.0,6900.0,6940.0,420004,235132,6975.0
2017-09-21,6915.0,6945.0,6730.0,6765.0,432614,238556,6800.0
2017-09-22,6740.0,6800.0,6665.0,6755.0,325788,223586,6735.0
2017-09-25,6770.0,6850.0,6650.0,6765.0,385076,217404,6740.0
2017-09-26,6800.0,6875.0,6780.0,6855.0,297104,213322,6825.0
2017-09-27,6890.0,6890.0,6820.0,6830.0,204156,206166,6845.0
2017-09-28,6710.0,6715.0,6510.0,6620.0,380936,192868,6600.0
2017-09-29,6680.0,6705.0,6595.0,6690.0,187202,184646,6640.0
2017-10-09,6705.0,6795.0,6405.0,6450.0,388798,189608,6555.0
2017-10-10,6465.0,6505.0,6360.0,6375.0,278660,206886,6435.0
2017-10-11,6405.0,6505.0,6375.0,6390.0,323254,195628,6435.0
2017-10-12,6430.0,6435.0,6270.0,6420.0,424482,206624,6335.0
2017-10-13,6435.0,6525.0,6410.0,6490.0,386646,201206,6465.0
2017-10-16,6530.0,6565.0,6290.0,6410.0,525660,220956,6410.0
2017-10-17,6365.0,6510.0,6275.0,6415.0,515982,233890,6430.0
2017-10-18,6435.0,6490.0,6395.0,6420.0,291902,229252,6440.0
2017-10-19,6335.0,6390.0,6200.0,6315.0,544066,208156,6280.0
2017-10-20,6360.0,6530.0,6300.0,6530.0,481170,222852,6430.0
2017-10-23,6455.0,6540.0,6435.0,6490.0,362916,219538,6485.0
2017-10-24,6525.0,6660.0,6500.0,6520.0,479336,231062,6585.0
2017-10-25,6550.0,6625.0,6410.0,6460.0,429528,229442,6510.0
2017-10-26,6450.0,6495.0,6405.0,6410.0,369792,227636,6435.0
2017-10-27,6410.0,6500.0,6360.0,6435.0,403426,214952,6435.0
2017-10-30,6475.0,6620.0,6455.0,6580.0,451188,232016,6555.0
2017-10-31,6570.0,6575.0,6305.0,6340.0,485284,207838,6405.0
2017-11-01,6355.0,6420.0,6220.0,6235.0,415744,201478,0.0
2017-11-02,6310.0,6370.0,6245.0,6325.0,443900,203860,0.0
2017-11-03,6330.0,6380.0,6280.0,6315.0,326456,209068,0.0
2017-11-06,6360.0,6490.0,6325.0,6455.0,467160,214096,0.0
2017-11-07,6490.0,6525.0,6420.0,6460.0,382910,238614,0.0
2017-11-08,6420.0,6475.0,6380.0,6435.0,329692,237158,0.0
2017-11-09,6485.0,6580.0,6355.0,6380.0,602970,241386,0.0
2017-11-10,6375.0,6470.0,6375.0,6410.0,422588,234002,0.0
2017-11-13,6430.0,6430.0,6300.0,6375.0,393456,241290,0.0
2017-11-14,6390.0,6405.0,6315.0,6320.0,315584,242808,0.0
2017-11-15,6190.0,6235.0,6035.0,6035.0,506230,251366,0.0
2017-11-16,6010.0,6040.0,5905.0,5930.0,423256,264542,0.0
2017-11-17,5920.0,6050.0,5920.0,6005.0,372880,241548,0.0
2017-11-20,6045.0,6070.0,5975.0,6015.0,362932,238296,0.0
2017-11-21,6015.0,6085.0,5960.0,5990.0,394130,246976,0.0
2017-11-22,6020.0,6245.0,6010.0,6220.0,608038,223916,0.0
2017-11-23,6260.0,6350.0,6235.0,6270.0,423520,202892,0.0
2017-11-24,6310.0,6340.0,6215.0,6290.0,288396,192064,0.0
2017-11-27,6300.0,6370.0,6070.0,6140.0,541072,167526,0.0
2017-11-28,6105.0,6185.0,6105.0,6155.0,290028,161354,0.0
2017-11-29,6225.0,6305.0,6200.0,6260.0,168562,178950,0.0
2017-11-30,6290.0,6340.0,6065.0,6140.0,368000,196066,0.0
2017-12-01,6120.0,6335.0,6100.0,6300.0,479538,217122,0.0
2017-12-04,6385.0,6520.0,6365.0,6470.0,615428,240672,0.0
2017-12-05,6470.0,6600.0,6400.0,6435.0,543610,226874,0.0
2017-12-06,6425.0,6645.0,6410.0,6645.0,517894,252536,0.0
2017-12-07,6605.0,6670.0,6325.0,6430.0,776574,232114,0.0
2017-12-08,6460.0,6845.0,6450.0,6775.0,949804,325000,0.0
2017-12-11,6790.0,6835.0,6690.0,6755.0,660096,328546,0.0
2017-12-12,6790.0,6840.0,6710.0,6755.0,519006,334646,0.0
2017-12-13,6735.0,6795.0,6585.0,6670.0,575422,300870,0.0
2017-12-14,6670.0,6785.0,6610.0,6620.0,679314,313226,0.0
2017-12-15,6635.0,6685.0,6550.0,6625.0,437546,307020,0.0
2017-12-18,6730.0,6770.0,6640.0,6685.0,542470,318540,0.0
2017-12-19,6670.0,6840.0,6660.0,6715.0,633986,333842,0.0
2017-12-20,6740.0,6790.0,6705.0,6720.0,404526,336566,0.0
2017-12-21,6685.0,6705.0,6565.0,6570.0,505460,307642,0.0
2017-12-22,6580.0,6645.0,6540.0,6635.0,365860,302324,0.0
2017-12-25,6620.0,6685.0,6510.0,6550.0,415534,290238,0.0
2017-12-26,6575.0,6720.0,6515.0,6695.0,495646,311572,0.0
2017-12-27,6705.0,6725.0,6580.0,6595.0,439592,296464,0.0
2017-12-28,6600.0,6620.0,6560.0,6590.0,286800,292052,0.0
2017-12-29,6635.0,6690.0,6605.0,6655.0,352994,293482,0.0
2018-01-02,6650.0,6860.0,6650.0,6780.0,680214,326354,0.0
2018-01-03,6790.0,6815.0,6750.0,6770.0,261066,331772,0.0
2018-01-04,6785.0,6825.0,6735.0,6825.0,379094,344132,0.0
2018-01-05,6820.0,6920.0,6770.0,6830.0,560400,338704,0.0
2018-01-08,6805.0,6880.0,6805.0,6830.0,238840,341356,0.0
2018-01-09,6840.0,6870.0,6775.0,6795.0,263948,347362,0.0
2018-01-10,6820.0,6840.0,6750.0,6760.0,342434,341652,0.0
2018-01-11,6760.0,6790.0,6705.0,6740.0,328100,342380,0.0
2018-01-12,6730.0,6840.0,6710.0,6825.0,381962,348500,0.0
2018-01-15,6845.0,6865.0,6780.0,6810.0,297108,352326,0.0
2018-01-16,6815.0,6845.0,6615.0,6630.0,558812,304692,0.0
2018-01-17,6635.0,6660.0,6540.0,6570.0,285300,280548,0.0
2018-01-18,6560.0,6650.0,6560.0,6625.0,252736,280476,0.0
2018-01-19,6610.0,6690.0,6585.0,6670.0,302360,279940,0.0
2018-01-22,6695.0,6705.0,6650.0,6680.0,200236,263854,0.0
2018-01-23,6690.0,6745.0,6635.0,6720.0,355290,277090,0.0
2018-01-24,6735.0,6840.0,6730.0,6820.0,317580,288216,0.0
2018-01-25,6855.0,6905.0,6835.0,6855.0,304752,286556,0.0
2018-01-26,6835.0,6975.0,6805.0,6930.0,476556,343818,0.0
2018-01-29,6945.0,6995.0,6870.0,6875.0,301770,317084,0.0
2018-01-30,6865.0,6885.0,6805.0,6845.0,285942,292982,0.0
2018-01-31,6800.0,6930.0,6800.0,6890.0,325688,317804,0.0
2018-02-01,6900.0,6915.0,6700.0,6710.0,412322,273100,0.0
2018-02-02,6740.0,6760.0,6680.0,6720.0,279706,279402,0.0
2018-02-05,6695.0,6795.0,6690.0,6790.0,263782,278874,0.0
2018-02-06,6765.0,6795.0,6705.0,6745.0,274374,266230,0.0
2018-02-07,6750.0,6850.0,6750.0,6790.0,316476,267956,0.0
2018-02-08,6770.0,6770.0,6635.0,6755.0,404444,253110,0.0
2018-02-09,6735.0,6790.0,6685.0,6715.0,285758,263468,0.0
2018-02-12,6715.0,6730.0,6595.0,6640.0,325218,275732,0.0
2018-02-13,6640.0,6660.0,6605.0,6625.0,127696,250412,0.0
2018-02-14,6620.0,6655.0,6515.0,6535.0,289068,285100,0.0
2018-02-22,6565.0,6595.0,6515.0,6535.0,201908,281878,0.0
2018-02-23,6580.0,6640.0,6560.0,6595.0,272166,303062,0.0
2018-02-26,6630.0,6685.0,6540.0,6650.0,407316,294180,0.0
2018-02-27,6655.0,6675.0,6565.0,6595.0,323728,308040,0.0
2018-02-28,6570.0,6705.0,6570.0,6685.0,321304,286134,0.0
2018-03-01,6675.0,6810.0,6630.0,6785.0,439794,294610,0.0
2018-03-02,6780.0,6830.0,6740.0,6795.0,245632,279882,0.0
2018-03-05,6795.0,6805.0,6635.0,6655.0,335014,292884,0.0
2018-03-06,6680.0,6685.0,6575.0,6600.0,341920,290110,0.0
2018-03-07,6600.0,6660.0,6560.0,6595.0,301674,295554,0.0
2018-03-08,6590.0,6630.0,6390.0,6405.0,539756,324964,0.0
2018-03-09,6405.0,6470.0,6365.0,6435.0,366284,296514,0.0
2018-03-12,6475.0,6490.0,6255.0,6265.0,513464,335620,6340.0
2018-03-13,6265.0,6315.0,6245.0,6270.0,240246,340964,6275.0
2018-03-14,6275.0,6385.0,6250.0,6330.0,292170,323920,6320.0
2018-03-15,6320.0,6360.0,6270.0,6305.0,270182,337280,6305.0
2018-03-16,6290.0,6340.0,6235.0,6325.0,306750,323168,6280.0
2018-03-19,6315.0,6360.0,6255.0,6305.0,334146,323096,6300.0
2018-03-20,6275.0,6305.0,6165.0,6235.0,442344,344922,6210.0
2018-03-21,6260.0,6300.0,6240.0,6265.0,225294,322238,6265.0
2018-03-22,6300.0,6400.0,6300.0,6355.0,363422,295296,6355.0
2018-03-23,6305.0,6335.0,6145.0,6255.0,499618,269838,6235.0
2018-03-26,6305.0,6340.0,6265.0,6300.0,317920,260398,6300.0
2018-03-27,6315.0,6375.0,6305.0,6325.0,217620,250770,6335.0
2018-03-28,6300.0,6350.0,6210.0,6210.0,355610,267236,6285.0
2018-03-29,6210.0,6310.0,6185.0,6295.0,402536,235034,6250.0
2018-03-30,6320.0,6470.0,6300.0,6435.0,315508,204834,6385.0
2018-04-02,6465.0,6510.0,6430.0,6495.0,240726,184050,6470.0
2018-04-03,6470.0,6500.0,6455.0,6465.0,156120,166346,6470.0
2018-04-04,6480.0,6535.0,6450.0,6525.0,94966,171852,6495.0
2018-04-09,6590.0,6685.0,6520.0,6680.0,171434,194464,6605.0
2018-04-10,6685.0,6730.0,6635.0,6645.0,205650,214088,6660.0
2018-04-11,6670.0,6690.0,6575.0,6585.0,248994,235384,6610.0
2018-04-12,6600.0,6665.0,6550.0,6645.0,271962,252250,6615.0
2018-04-13,6635.0,6665.0,6570.0,6595.0,246760,269750,6610.0
2018-04-16,6605.0,6660.0,6540.0,6550.0,299226,276262,6595.0
2018-04-17,6550.0,6635.0,6550.0,6590.0,185330,280774,6590.0
2018-04-18,6620.0,6675.0,6595.0,6610.0,255544,284092,6635.0
2018-04-19,6655.0,6780.0,6600.0,6705.0,386288,297308,6680.0
2018-04-20,6685.0,6705.0,6575.0,6630.0,285008,295130,6655.0
2018-04-23,6635.0,6750.0,6630.0,6715.0,274410,295164,6705.0
2018-04-24,6735.0,6795.0,6715.0,6775.0,253736,304522,6765.0
2018-04-25,6765.0,6800.0,6745.0,6770.0,199302,300086,6765.0
2018-04-26,6760.0,6815.0,6740.0,6805.0,215338,313724,6785.0
2018-04-27,6805.0,6945.0,6805.0,6860.0,353218,341020,6875.0
2018-05-02,6860.0,6895.0,6835.0,6860.0,244782,328358,6865.0
2018-05-03,6875.0,6910.0,6815.0,6905.0,218974,320104,6855.0
2018-05-04,6900.0,6945.0,6865.0,6880.0,198586,310014,6905.0
2018-05-07,6905.0,6990.0,6890.0,6990.0,224832,317778,6950.0
2018-05-08,6995.0,7030.0,6955.0,6975.0,187258,328666,6985.0
2018-05-09,6970.0,7005.0,6925.0,6930.0,195676,327280,6955.0
2018-05-10,6950.0,6985.0,6895.0,6900.0,223432,318670,6925.0
2018-05-11,6925.0,6930.0,6865.0,6885.0,203740,309732,6890.0
2018-05-14,6885.0,6980.0,6885.0,6915.0,216452,308628,6935.0
2018-05-15,6930.0,6950.0,6825.0,6845.0,250046,300588,6870.0
2018-05-16,6850.0,6910.0,6825.0,6875.0,260572,287710,6865.0
2018-05-17,6885.0,6900.0,6700.0,6715.0,381432,291440,6805.0
2018-05-18,6760.0,6770.0,6710.0,6730.0,211290,273518,6740.0
2018-05-21,6755.0,6855.0,6710.0,6815.0,235862,264182,6800.0
2018-05-22,6825.0,6840.0,6750.0,6755.0,182896,268156,6800.0
2018-05-23,6755.0,6770.0,6670.0,6680.0,220064,269722,6715.0
2018-05-24,6675.0,6700.0,6660.0,6670.0,110040,271614,6680.0
2018-05-25,6685.0,6725.0,6630.0,6660.0,184548,270254,6675.0
2018-05-28,6645.0,6705.0,6610.0,6655.0,162406,276078,6655.0
2018-05-29,6660.0,6715.0,6660.0,6685.0,151460,272388,6685.0
2018-05-30,6675.0,6745.0,6640.0,6705.0,187412,267074,6700.0
2018-05-31,6735.0,6775.0,6685.0,6710.0,179098,262090,6735.0
2018-06-01,6730.0,6875.0,6715.0,6870.0,287628,268298,6805.0
2018-06-04,6870.0,6910.0,6840.0,6865.0,213406,256992,6875.0
2018-06-05,6870.0,6960.0,6860.0,6955.0,305082,299872,6910.0
2018-06-06,6935.0,6990.0,6890.0,6905.0,252036,298014,6930.0
2018-06-07,6920.0,7010.0,6915.0,7000.0,229700,311112,6960.0
2018-06-08,7020.0,7130.0,6960.0,7125.0,428596,337864,7055.0
2018-06-11,7115.0,7160.0,7065.0,7110.0,304462,336942,7100.0
2018-06-12,7110.0,7130.0,7075.0,7105.0,187946,334668,7095.0
2018-06-13,7095.0,7115.0,6880.0,6985.0,427346,296106,6970.0
2018-06-14,7000.0,7025.0,6905.0,6920.0,272958,288936,6955.0
2018-06-15,6900.0,6945.0,6785.0,6810.0,326704,266412,6870.0
2018-06-19,6810.0,6850.0,6720.0,6730.0,268070,254786,6785.0
2018-06-20,6760.0,6885.0,6735.0,6880.0,240358,255934,6820.0
2018-06-21,6880.0,6945.0,6840.0,6850.0,285316,263272,6890.0
2018-06-22,6860.0,6860.0,6800.0,6835.0,174068,261366,6830.0
2018-06-25,6875.0,6890.0,6740.0,6770.0,255444,264774,6790.0
2018-06-26,6740.0,6785.0,6685.0,6775.0,209728,256830,6740.0
2018-06-27,6820.0,6825.0,6755.0,6780.0,142268,254374,6780.0
2018-06-28,6810.0,6880.0,6800.0,6805.0,248266,251882,6840.0
2018-06-29,6815.0,6900.0,6750.0,6890.0,344930,246940,6820.0
2018-07-02,6890.0,6930.0,6845.0,6865.0,299130,238892,6890.0
2018-07-03,6865.0,6970.0,6860.0,6900.0,352546,241718,6925.0
2018-07-04,6895.0,6940.0,6870.0,6910.0,225714,221226,6905.0
2018-07-05,6900.0,6900.0,6765.0,6810.0,356898,200724,6820.0
2018-07-06,6790.0,6825.0,6730.0,6770.0,227726,205682,6765.0
2018-07-09,6780.0,6850.0,6770.0,6845.0,158748,205364,6810.0
2018-07-10,6860.0,6860.0,6805.0,6840.0,158350,194354,6825.0
2018-07-11,6815.0,6945.0,6780.0,6930.0,352014,226634,6885.0
2018-07-12,6895.0,6965.0,6885.0,6945.0,285930,247064,6925.0
2018-07-13,6950.0,6970.0,6925.0,6940.0,186242,257206,6940.0
2018-07-16,6940.0,6950.0,6850.0,6860.0,227792,223296,6890.0
2018-07-17,6830.0,6880.0,6815.0,6850.0,174950,212922,6845.0
2018-07-18,6865.0,6880.0,6785.0,6865.0,222502,209376,6830.0
2018-07-19,6890.0,6920.0,6855.0,6870.0,182584,193512,6890.0
2018-07-20,6875.0,6965.0,6875.0,6960.0,186894,204932,6930.0
2018-07-23,6960.0,7000.0,6930.0,6965.0,178938,202072,6955.0
2018-07-24,6970.0,7010.0,6890.0,6905.0,261280,204276,6960.0
2018-07-25,6930.0,6955.0,6905.0,6915.0,151448,195372,6930.0
2018-07-26,6920.0,6980.0,6850.0,6920.0,324726,174992,6905.0
2018-07-27,6935.0,7000.0,6925.0,6995.0,190408,174584,6960.0
2018-07-30,6990.0,7100.0,6990.0,7030.0,201924,180950,7060.0
2018-07-31,7055.0,7060.0,7010.0,7045.0,98176,174610,7030.0
2018-08-01,7030.0,7065.0,7010.0,7040.0,117256,166092,7035.0
2018-08-02,7035.0,7095.0,6985.0,7045.0,206998,170530,7040.0
2018-08-03,7065.0,7270.0,7065.0,7180.0,385686,155832,7180.0
2018-08-06,7225.0,7255.0,7125.0,7165.0,167980,140360,7185.0
2018-08-07,7185.0,7285.0,7145.0,7285.0,207412,133922,7205.0
2018-08-08,7205.0,7435.0,7195.0,7380.0,273666,205534,7350.0
2018-08-09,7380.0,7440.0,7340.0,7370.0,196868,214216,7385.0
2018-08-10,7380.0,7455.0,7310.0,7360.0,317832,224972,7375.0
2018-08-13,7360.0,7380.0,7255.0,7350.0,224872,236422,7320.0
2018-08-14,7410.0,7490.0,7330.0,7355.0,261440,236338,7400.0
2018-08-15,7345.0,7405.0,7275.0,7390.0,262524,253454,7350.0
2018-08-16,7270.0,7470.0,7200.0,7415.0,512556,306946,7365.0
2018-08-17,7410.0,7440.0,7285.0,7285.0,341112,285330,7345.0
2018-08-20,7290.0,7335.0,7215.0,7300.0,308996,300450,7270.0
2018-08-21,7315.0,7335.0,7140.0,7180.0,316002,296988,7220.0
2018-08-22,7185.0,7305.0,7185.0,7235.0,305742,298600,7255.0
2018-08-23,7255.0,7370.0,7070.0,7080.0,569164,271840,7230.0
2018-08-24,7100.0,7110.0,6995.0,7025.0,295122,272218,7045.0
2018-08-27,7040.0,7090.0,7020.0,7040.0,190262,266502,7045.0
2018-08-28,7060.0,7085.0,6965.0,7000.0,267150,268740,7020.0
2018-08-29,6995.0,7055.0,6985.0,7000.0,213338,265402,7015.0
2018-08-30,7000.0,7070.0,6995.0,7005.0,218406,267318,7025.0
2018-08-31,7015.0,7080.0,6840.0,6860.0,410298,279706,6980.0
2018-09-03,6865.0,6910.0,6790.0,6815.0,282116,276218,6845.0
2018-09-04,6825.0,6840.0,6755.0,6800.0,245588,274768,6795.0
2018-09-05,6805.0,6845.0,6790.0,6820.0,185386,272720,6815.0
2018-09-06,6840.0,6895.0,6815.0,6860.0,233172,265198,6845.0
2018-09-07,6875.0,6910.0,6825.0,6825.0,204442,257526,6865.0
2018-09-10,6845.0,6895.0,6805.0,6845.0,222020,267322,6845.0
2018-09-11,6830.0,6835.0,6730.0,6735.0,272716,283018,6770.0
2018-09-12,6750.0,6765.0,6650.0,6745.0,320114,266754,6710.0
2018-09-13,6745.0,6800.0,6725.0,6750.0,207918,261098,6765.0
2018-09-14,6740.0,6835.0,6730.0,6785.0,244922,249760,6785.0
2018-09-17,6800.0,6810.0,6630.0,6680.0,354110,298562,6705.0
2018-09-18,6670.0,6705.0,6645.0,6695.0,167292,300576,6675.0
2018-09-19,6695.0,6725.0,6660.0,6675.0,168866,302202,6695.0
2018-09-20,6695.0,6795.0,6690.0,6740.0,245396,279926,6755.0
2018-09-21,6755.0,6800.0,6725.0,6770.0,185822,269964,6765.0
2018-09-25,6805.0,6855.0,6740.0,6745.0,275536,285118,6795.0
2018-09-26,6745.0,6770.0,6620.0,6635.0,341208,294756,6680.0
2018-09-27,6640.0,6685.0,6610.0,6650.0,184364,263992,6650.0
2018-09-28,6600.0,6745.0,6560.0,6720.0,223576,231066,6675.0
2018-10-08,6740.0,6775.0,6685.0,6740.0,154922,236680,6720.0
2018-10-09,6785.0,6830.0,6745.0,6800.0,325422,282140,6775.0
2018-10-10,6805.0,6900.0,6755.0,6880.0,432580,263230,6830.0
2018-10-11,6830.0,6855.0,6685.0,6715.0,409802,234036,6760.0
2018-10-12,6710.0,6745.0,6630.0,6725.0,253680,248642,6690.0
2018-10-15,6740.0,6755.0,6655.0,6665.0,211656,266680,6695.0
2018-10-16,6655.0,6665.0,6475.0,6510.0,408606,300842,6555.0
2018-10-17,6525.0,6540.0,6450.0,6500.0,250484,305410,6495.0
2018-10-18,6465.0,6530.0,6405.0,6465.0,291808,307252,6465.0
2018-10-19,6470.0,6485.0,6340.0,6345.0,283842,332918,6420.0
2018-10-22,6355.0,6455.0,6345.0,6440.0,246148,302810,6405.0
2018-10-23,6440.0,6480.0,6420.0,6460.0,185358,293290,6450.0
2018-10-24,6425.0,6495.0,6405.0,6450.0,172730,289528,6445.0
2018-10-25,6420.0,6445.0,6345.0,6410.0,244608,286246,6385.0
2018-10-26,6445.0,6500.0,6410.0,6450.0,233486,281410,6455.0
2018-10-29,6475.0,6540.0,6440.0,6475.0,269028,261326,6475.0
2018-10-30,6470.0,6495.0,6370.0,6390.0,241880,254986,6415.0
2018-10-31,6390.0,6450.0,6385.0,6420.0,205506,249768,6415.0
2018-11-01,6395.0,6415.0,6280.0,6345.0,392588,255920,6325.0
2018-11-02,6340.0,6360.0,6250.0,6325.0,239946,255408,6310.0
2018-11-05,6330.0,6345.0,6270.0,6295.0,231988,267724,6305.0
2018-11-06,6305.0,6310.0,6215.0,6245.0,258796,281688,6250.0
2018-11-07,6225.0,6285.0,6215.0,6255.0,160976,274158,6255.0
2018-11-08,6260.0,6280.0,6225.0,6255.0,152044,271680,6250.0
2018-11-09,6250.0,6310.0,6235.0,6270.0,200362,267924,6275.0
2018-11-12,6280.0,6380.0,6275.0,6305.0,296212,277766,6330.0
2018-11-13,6300.0,6345.0,6285.0,6325.0,141974,276384,6320.0
2018-11-14,6275.0,6370.0,6250.0,6355.0,304028,281744,6305.0
2018-11-15,6375.0,6440.0,6355.0,6435.0,238238,286074,6395.0
2018-11-16,6455.0,6490.0,6420.0,6485.0,193264,286178,6455.0
2018-11-19,6525.0,6525.0,6400.0,6410.0,195426,281096,6445.0
2018-11-20,6410.0,6475.0,6365.0,6375.0,285012,283704,6415.0
2018-11-21,6255.0,6425.0,6195.0,6405.0,296796,262226,6295.0
2018-11-22,6400.0,6420.0,6330.0,6340.0,163634,255862,6355.0
2018-11-23,6315.0,6395.0,6310.0,6330.0,207734,252512,6350.0
2018-11-26,6265.0,6470.0,6265.0,6450.0,345302,267344,6385.0
2018-11-27,6480.0,6495.0,6330.0,6385.0,279944,252912,6380.0
2018-11-28,6445.0,6460.0,6365.0,6445.0,202608,258130,6415.0
2018-11-29,6420.0,6480.0,6405.0,6470.0,171990,251402,6445.0
2018-11-30,6495.0,6510.0,6455.0,6495.0,150838,244596,6480.0
2018-12-03,6370.0,6450.0,6285.0,6340.0,137828,252884,6355.0
2018-12-04,6355.0,6430.0,6315.0,6420.0,85176,251460,6375.0
2018-12-05,6405.0,6440.0,6375.0,6435.0,70320,253490,6405.0
2018-12-06,6450.0,6460.0,6350.0,6350.0,131084,258176,6395.0
2018-12-07,6350.0,6400.0,6340.0,6390.0,89158,268498,6380.0
2018-12-10,6380.0,6380.0,6240.0,6265.0,163716,289794,6295.0
2018-12-11,6265.0,6265.0,6205.0,6210.0,160802,297562,6235.0
2018-12-12,6240.0,6275.0,6230.0,6255.0,126082,302496,6250.0
2018-12-13,6235.0,6325.0,6235.0,6315.0,168158,294290,6280.0
2018-12-14,6340.0,6355.0,6280.0,6305.0,135492,291108,6300.0
2018-12-17,6295.0,6380.0,6290.0,6355.0,170524,291044,6345.0
2018-12-18,6320.0,6460.0,6315.0,6445.0,253754,287802,6390.0
2018-12-19,6415.0,6520.0,6415.0,6515.0,281192,284620,6470.0
2018-12-20,6510.0,6530.0,6445.0,6465.0,175460,270312,6470.0
2018-12-21,6470.0,6530.0,6430.0,6465.0,204148,275072,6465.0
2018-12-24,6455.0,6500.0,6420.0,6480.0,207304,287886,6460.0
2018-12-25,6430.0,6450.0,6360.0,6410.0,304200,277012,6405.0
2018-12-26,6410.0,6555.0,6405.0,6475.0,418110,294638,6470.0
2018-12-27,6550.0,6570.0,6450.0,6475.0,276098,273286,6490.0
2018-12-28,6475.0,6485.0,6420.0,6455.0,248130,253762,6450.0
2019-01-02,6450.0,6470.0,6325.0,6345.0,257356,261610,6380.0
2019-01-03,6360.0,6380.0,6320.0,6320.0,205254,263950,6350.0
2019-01-04,6335.0,6440.0,6300.0,6405.0,308052,247668,6360.0
2019-01-07,6400.0,6455.0,6380.0,6440.0,189622,261296,6415.0
2019-01-08,6430.0,6455.0,6390.0,6415.0,156620,249974,6420.0
2019-01-09,6430.0,6470.0,6390.0,6390.0,220900,254190,6430.0
2019-01-10,6410.0,6415.0,6350.0,6355.0,191116,254056,6375.0
2019-01-11,6355.0,6385.0,6340.0,6380.0,157494,251404,6365.0
2019-01-14,6370.0,6420.0,6360.0,6360.0,163716,250710,6385.0
2019-01-15,6360.0,6380.0,6340.0,6350.0,177632,261584,6355.0
2019-01-16,6360.0,6440.0,6340.0,6435.0,236960,266654,6395.0
2019-01-17,6430.0,6480.0,6425.0,6470.0,174696,279732,6455.0
2019-01-18,6490.0,6520.0,6455.0,6505.0,207304,289798,6485.0
2019-01-21,6530.0,6565.0,6470.0,6500.0,245468,298594,6505.0
2019-01-22,6505.0,6585.0,6480.0,6545.0,323090,325488,6525.0
2019-01-23,6530.0,6550.0,6495.0,6545.0,171680,341084,6515.0
2019-01-24,6540.0,6565.0,6470.0,6505.0,182328,326444,6505.0
2019-01-25,6510.0,6630.0,6490.0,6505.0,325554,327958,6560.0
2019-01-28,6515.0,6525.0,6455.0,6465.0,206550,301244,6480.0
2019-01-29,6460.0,6480.0,6435.0,6450.0,141610,295048,6450.0
2019-01-30,6470.0,6545.0,6450.0,6535.0,201972,318370,6505.0
2019-01-31,6540.0,6550.0,6500.0,6540.0,120066,304340,6525.0
2019-02-01,6530.0,6545.0,6505.0,6540.0,103096,298790,6520.0
2019-02-11,6545.0,6655.0,6480.0,6515.0,277780,304746,6570.0
2019-02-12,6515.0,6530.0,6470.0,6495.0,146944,289508,6490.0
2019-02-13,6485.0,6495.0,6400.0,6410.0,186500,289318,6440.0
2019-02-14,6410.0,6475.0,6405.0,6460.0,138570,294640,6450.0
2019-02-15,6465.0,6465.0,6385.0,6415.0,200394,317352,6420.0
2019-02-18,6435.0,6445.0,6395.0,6400.0,140924,315836,6410.0
2019-02-19,6400.0,6445.0,6370.0,6440.0,137400,312214,6410.0
2019-02-20,6440.0,6445.0,6410.0,6440.0,99256,308874,6420.0
2019-02-21,6465.0,6515.0,6430.0,6440.0,208418,300552,6470.0
2019-02-22,6440.0,6490.0,6435.0,6455.0,132702,293512,6465.0
2019-02-25,6465.0,6515.0,6455.0,6460.0,151114,289256,6485.0
2019-02-26,6430.0,6510.0,6415.0,6490.0,145966,285474,6480.0
2019-02-27,6490.0,6495.0,6440.0,6440.0,105540,289232,6460.0
2019-02-28,6455.0,6455.0,6380.0,6425.0,165622,298188,6410.0
2019-03-01,6430.0,6500.0,6430.0,6500.0,169830,287184,6470.0
2019-03-04,6490.0,6545.0,6480.0,6505.0,180188,288572,6510.0
2019-03-05,6500.0,6535.0,6485.0,6515.0,108974,292776,6505.0
2019-03-06,6515.0,6585.0,6495.0,6585.0,170572,308538,6555.0
2019-03-07,6585.0,6625.0,6555.0,6585.0,172574,319070,6580.0
2019-03-08,6560.0,6610.0,6535.0,6570.0,140332,318378,6570.0
2019-03-11,6550.0,6570.0,6460.0,6500.0,236424,311998,6500.0
2019-03-12,6515.0,6540.0,6490.0,6510.0,101834,308068,6510.0
2019-03-13,6505.0,6545.0,6505.0,6515.0,80248,306168,6525.0
2019-03-14,6530.0,6530.0,6470.0,6480.0,118282,300630,6495.0
2019-03-15,6455.0,6460.0,6390.0,6405.0,206204,292862,6420.0
2019-03-18,6400.0,6405.0,6225.0,6235.0,325752,343548,6305.0
2019-03-19,6235.0,6285.0,6235.0,6270.0,165874,335382,6260.0
2019-03-20,6265.0,6315.0,6260.0,6270.0,147372,318886,6280.0
2019-03-21,6280.0,6330.0,6280.0,6305.0,110630,314410,6300.0
2019-03-22,6320.0,6445.0,6310.0,6410.0,226718,280112,6385.0
2019-03-25,6385.0,6465.0,6370.0,6435.0,101258,286744,6420.0
2019-03-26,6450.0,6455.0,6410.0,6435.0,56880,291056,6430.0
2019-03-27,6450.0,6495.0,6435.0,6490.0,75418,298440,6470.0
2019-03-28,6490.0,6545.0,6460.0,6510.0,169540,308578,6500.0
2019-03-29,6515.0,6545.0,6480.0,6545.0,110028,302082,6515.0
2019-04-01,6550.0,6570.0,6475.0,6545.0,123094,307708,6520.0
2019-04-02,6545.0,6555.0,6500.0,6530.0,127150,327728,6530.0
2019-04-03,6540.0,6730.0,6520.0,6700.0,374596,367514,6645.0
2019-04-04,6700.0,6745.0,6645.0,6720.0,314510,415136,6700.0
2019-04-08,6750.0,6945.0,6740.0,6870.0,461058,439230,6855.0
2019-04-09,6885.0,6920.0,6795.0,6830.0,374150,442388,6855.0
2019-04-10,6820.0,6890.0,6815.0,6835.0,219280,451952,6845.0
2019-04-11,6825.0,6900.0,6820.0,6890.0,273606,479676,6870.0
2019-04-12,6890.0,6920.0,6760.0,6810.0,423220,445324,6820.0
2019-04-15,6825.0,6865.0,6765.0,6795.0,348144,444678,6810.0
2019-04-16,6795.0,6830.0,6765.0,6810.0,256556,440298,6790.0
2019-04-17,6810.0,6895.0,6780.0,6810.0,409204,464644,6840.0
2019-04-18,6810.0,6830.0,6745.0,6755.0,386464,458660,6785.0
2019-04-19,6755.0,6795.0,6725.0,6785.0,251646,453258,6770.0
2019-04-23,6830.0,6845.0,6770.0,6815.0,235718,449822,6810.0
2019-04-24,6805.0,7000.0,6800.0,6960.0,792216,507868,6920.0
2019-04-25,6965.0,6975.0,6925.0,6935.0,308488,500438,6950.0
2019-04-26,6940.0,6970.0,6910.0,6935.0,322948,519532,6935.0
2019-04-29,6930.0,6990.0,6870.0,6920.0,337918,518508,6925.0
2019-04-30,6920.0,7045.0,6920.0,7025.0,342156,537430,6990.0
2019-05-06,7045.0,7160.0,7040.0,7110.0,504800,528850,7100.0
2019-05-07,7115.0,7145.0,7090.0,7100.0,367548,550160,7110.0
2019-05-08,7085.0,7110.0,7025.0,7055.0,383304,543208,7070.0
2019-05-09,7055.0,7090.0,6925.0,6940.0,477734,530228,7015.0
2019-05-10,6925.0,6990.0,6905.0,6975.0,383370,516262,6945.0
2019-05-13,6985.0,6985.0,6835.0,6870.0,72477,510062,6890.0
2019-05-14,6855.0,6940.0,6800.0,6845.0,122096,492692,6870.0
2019-05-15,6870.0,6935.0,6840.0,6920.0,68131,498416,6895.0
2019-05-16,6920.0,7010.0,6895.0,6965.0,362262,495220,6965.0
2019-05-17,6965.0,6980.0,6840.0,6875.0,446508,489074,6895.0
2019-05-20,6875.0,6975.0,6855.0,6860.0,491608,478126,6910.0
2019-05-21,6855.0,6950.0,6825.0,6945.0,396336,489186,6890.0
2019-05-22,6945.0,6975.0,6860.0,6910.0,490594,487446,6910.0
2019-05-23,6890.0,6915.0,6820.0,6830.0,450822,490468,6860.0
2019-05-24,6810.0,6860.0,6750.0,6845.0,501968,473720,6805.0
2019-05-27,6850.0,6860.0,6770.0,6780.0,353118,495814,6815.0
2019-05-28,6790.0,6845.0,6735.0,6825.0,350548,496202,6795.0
2019-05-29,6825.0,6875.0,6810.0,6845.0,326926,502060,6840.0
2019-05-30,6825.0,6950.0,6815.0,6850.0,495902,495308,6890.0
2019-05-31,6860.0,6875.0,6790.0,6790.0,265654,484486,6830.0
2019-06-03,6785.0,6830.0,6730.0,6760.0,511648,500198,6770.0
2019-06-04,6780.0,6800.0,6620.0,6655.0,497994,494258,6680.0
2019-06-05,6665.0,6670.0,6560.0,6595.0,445296,489378,6600.0
2019-06-06,6595.0,6690.0,6515.0,6645.0,531962,447120,6585.0
2019-06-10,6685.0,6690.0,6585.0,6610.0,286116,442728,6625.0
2019-06-11,6600.0,6720.0,6555.0,6680.0,443262,434340,6645.0
2019-06-12,6695.0,6710.0,6630.0,6645.0,267442,436072,6665.0
2019-06-13,6650.0,6715.0,6630.0,6690.0,283498,428130,6675.0
2019-06-14,6690.0,6725.0,6645.0,6660.0,278512,420044,6680.0
2019-06-17,6670.0,6715.0,6650.0,6660.0,201602,424436,6680.0
2019-06-18,6655.0,6700.0,6600.0,6655.0,279912,422628,6645.0
2019-06-19,6665.0,6770.0,6650.0,6750.0,293932,432166,6725.0
2019-06-20,6750.0,6795.0,6710.0,6790.0,235356,435792,6760.0
2019-06-21,6780.0,6835.0,6755.0,6785.0,235022,431076,6790.0
2019-06-24,6785.0,6885.0,6765.0,6875.0,284086,418554,6835.0
2019-06-25,6880.0,6895.0,6820.0,6845.0,213806,412392,6850.0
2019-06-26,6860.0,6890.0,6775.0,6885.0,271560,420388,6825.0
2019-06-27,6875.0,6890.0,6775.0,6815.0,306750,418416,6825.0
2019-06-28,6815.0,6840.0,6745.0,6770.0,243306,410768,6780.0
2019-07-01,6770.0,6875.0,6760.0,6860.0,231038,423776,6835.0
2019-07-02,6860.0,7010.0,6780.0,6930.0,478584,425634,6870.0
2019-07-03,6925.0,6935.0,6850.0,6915.0,342964,427966,6895.0
2019-07-04,6930.0,6960.0,6865.0,6945.0,329704,421678,6920.0
2019-07-05,6950.0,6950.0,6875.0,6900.0,244380,393956,6910.0
2019-07-08,6880.0,6925.0,6875.0,6890.0,180288,388500,6900.0
2019-07-09,6900.0,6940.0,6840.0,6865.0,268798,372542,6885.0
2019-07-10,6865.0,6880.0,6820.0,6855.0,203152,368808,6845.0
2019-07-11,6865.0,6910.0,6830.0,6890.0,223248,372072,6870.0
2019-07-12,6880.0,6885.0,6795.0,6805.0,251538,354174,6830.0
2019-07-15,6805.0,6880.0,6800.0,6865.0,179604,350860,6840.0
2019-07-16,6855.0,6870.0,6815.0,6825.0,121194,343954,6840.0
2019-07-17,6835.0,6880.0,6815.0,6855.0,206406,341574,6850.0
2019-07-18,6855.0,6870.0,6820.0,6830.0,121156,338894,6835.0
2019-07-19,6830.0,6840.0,6765.0,6810.0,214280,333516,6795.0
2019-07-22,6805.0,6900.0,6800.0,6855.0,317238,333126,6860.0
2019-07-23,6850.0,6925.0,6850.0,6875.0,258044,330162,6880.0
2019-07-24,6875.0,6900.0,6850.0,6855.0,217372,314512,6870.0
2019-07-25,6865.0,6865.0,6790.0,6810.0,220730,306484,6820.0
2019-07-26,6825.0,6855.0,6790.0,6810.0,164078,303338,6815.0
2019-07-29,6800.0,6825.0,6770.0,6790.0,159782,301778,6795.0
2019-07-30,6800.0,6825.0,6755.0,6810.0,181638,294892,6795.0
2019-07-31,6805.0,6810.0,6760.0,6760.0,137030,298904,6785.0
2019-08-01,6760.0,6820.0,6750.0,6805.0,148814,293640,6790.0
2019-08-02,6810.0,6825.0,6715.0,6720.0,222120,281596,6750.0
2019-08-05,6740.0,6745.0,6670.0,6685.0,167416,267692,6700.0
2019-08-06,6690.0,6705.0,6645.0,6650.0,122980,252224,6660.0
2019-08-07,6655.0,6720.0,6650.0,6685.0,105534,246090,6680.0
2019-08-08,6690.0,6745.0,6670.0,6735.0,120520,235826,6710.0
2019-08-09,6750.0,6845.0,6750.0,6840.0,156812,223038,6800.0
2019-08-12,6835.0,6855.0,6800.0,6815.0,132368,196642,6820.0
2019-08-13,6805.0,6825.0,6755.0,6790.0,99248,173288,6790.0
2019-08-14,6610.0,6680.0,6590.0,6655.0,233614,240404,6645.0
2019-08-15,6645.0,6680.0,6620.0,6675.0,189988,260968,6645.0
2019-08-16,6665.0,6680.0,6625.0,6625.0,154840,267716,6640.0
2019-08-19,6630.0,6700.0,6625.0,6680.0,216482,298332,6670.0
2019-08-20,6670.0,6730.0,6655.0,6670.0,229930,314374,6685.0
2019-08-21,6665.0,6680.0,6640.0,6670.0,168328,316832,6660.0
2019-08-22,6670.0,6675.0,6585.0,6590.0,212300,310970,6620.0
2019-08-23,6595.0,6600.0,6495.0,6510.0,326750,297980,6535.0
2019-08-26,6490.0,6530.0,6455.0,6485.0,236176,299404,6485.0
2019-08-27,6490.0,6520.0,6450.0,6455.0,151350,295846,6485.0
2019-08-28,6460.0,6495.0,6410.0,6420.0,214892,304524,6450.0
2019-08-29,6420.0,6445.0,6340.0,6345.0,252904,331022,6380.0
2019-08-30,6355.0,6405.0,6350.0,6380.0,198324,325372,6375.0
2019-09-02,6380.0,6455.0,6355.0,6440.0,238596,330912,6410.0
2019-09-03,6450.0,6470.0,6420.0,6435.0,169736,336760,6445.0
2019-09-04,6435.0,6490.0,6430.0,6470.0,174436,340858,6460.0
2019-09-05,6475.0,6495.0,6425.0,6440.0,231104,328802,6460.0
2019-09-06,6445.0,6490.0,6425.0,6440.0,193558,326880,6460.0
2019-09-09,6455.0,6540.0,6440.0,6540.0,240578,322274,6485.0
2019-09-10,6540.0,6545.0,6485.0,6510.0,125038,313530,6510.0
2019-09-11,6510.0,6535.0,6500.0,6510.0,124062,311828,6515.0
2019-09-12,6505.0,6520.0,6450.0,6510.0,195024,323450,6485.0
2019-09-16,6565.0,6645.0,6525.0,6625.0,358686,349300,6595.0
2019-09-17,6635.0,6675.0,6615.0,6640.0,350748,344724,6645.0
2019-09-18,6640.0,6645.0,6555.0,6605.0,277996,336318,6585.0
2019-09-19,6605.0,6620.0,6515.0,6515.0,225322,322266,6565.0
2019-09-20,6520.0,6545.0,6490.0,6500.0,147718,327012,6520.0
2019-09-23,6505.0,6540.0,6500.0,6530.0,122752,331558,6520.0
2019-09-24,6525.0,6545.0,6480.0,6500.0,158106,339560,6510.0
2019-09-25,6495.0,6500.0,6440.0,6450.0,185096,331830,6460.0
2019-09-26,6440.0,6445.0,6410.0,6425.0,154752,331268,6425.0
2019-09-27,6420.0,6460.0,6405.0,6410.0,133366,317768,6425.0
2019-09-30,6415.0,6465.0,6410.0,6465.0,115186,297600,6440.0
2019-10-08,6450.0,6470.0,6415.0,6420.0,82352,299956,6435.0
2019-10-09,6410.0,6435.0,6375.0,6390.0,148904,320276,6400.0
2019-10-10,6395.0,6410.0,6365.0,6400.0,117922,325858,6385.0
2019-10-11,6415.0,6445.0,6410.0,6435.0,167556,317346,6425.0
2019-10-14,6445.0,6465.0,6420.0,6435.0,117180,308624,6440.0
2019-10-15,6430.0,6440.0,6365.0,6385.0,148422,321890,6395.0
2019-10-16,6395.0,6420.0,6350.0,6350.0,133078,328382,6385.0
2019-10-17,6335.0,6360.0,6305.0,6345.0,198350,334512,6330.0
2019-10-18,6340.0,6355.0,6285.0,6350.0,172102,331424,6320.0
2019-10-21,6355.0,6355.0,6310.0,6320.0,97500,326840,6325.0
2019-10-22,6320.0,6365.0,6315.0,6320.0,119950,324002,6340.0
2019-10-23,6330.0,6355.0,6325.0,6350.0,85578,320394,6345.0
2019-10-24,6345.0,6350.0,6315.0,6345.0,95698,318006,6330.0
2019-10-25,6350.0,6390.0,6330.0,6340.0,130496,312770,6355.0
2019-10-28,6340.0,6420.0,6320.0,6400.0,204684,309194,6375.0
2019-10-29,6400.0,6420.0,6385.0,6390.0,109634,312964,6395.0
2019-10-30,6395.0,6405.0,6320.0,6350.0,197570,306842,6360.0
2019-10-31,6360.0,6405.0,6350.0,6400.0,120352,304888,6370.0
2019-11-01,6395.0,6440.0,6365.0,6440.0,174208,317976,6400.0
2019-11-04,6440.0,6480.0,6425.0,6475.0,177612,331996,6450.0
2019-11-05,6480.0,6485.0,6435.0,6475.0,130638,324194,6460.0
2019-11-06,6480.0,6490.0,6450.0,6460.0,107168,324534,6465.0
2019-11-07,6460.0,6470.0,6420.0,6430.0,128232,309134,6440.0
2019-11-08,6440.0,6465.0,6425.0,6430.0,107848,305706,6445.0
2019-11-11,6435.0,6490.0,6415.0,6490.0,179426,317550,6450.0
2019-11-12,6485.0,6530.0,6480.0,6520.0,217368,324862,6500.0
2019-11-13,6520.0,6550.0,6510.0,6545.0,188454,346028,6530.0
2019-11-14,6545.0,6600.0,6525.0,6600.0,205712,360828,6560.0
2019-11-15,6595.0,6670.0,6570.0,6610.0,283308,368000,6615.0
2019-11-18,6615.0,6620.0,6530.0,6535.0,191660,358648,6565.0
2019-11-19,6525.0,6575.0,6525.0,6555.0,140940,356398,6550.0
2019-11-20,6555.0,6600.0,6545.0,6600.0,167660,379168,6580.0
2019-11-21,6600.0,6605.0,6560.0,6595.0,116974,371672,6580.0
2019-11-22,6595.0,6600.0,6570.0,6595.0,119284,371530,6580.0
2019-11-25,6600.0,6700.0,6595.0,6665.0,333770,403178,6650.0
2019-11-26,6665.0,6685.0,6650.0,6680.0,173922,399152,6665.0
2019-11-27,6680.0,6720.0,6665.0,6700.0,242486,397936,6690.0
2019-11-28,6700.0,6905.0,6690.0,6830.0,775478,426822,6815.0
2019-11-29,6830.0,6890.0,6810.0,6875.0,309478,420778,6850.0
2019-12-02,6880.0,6930.0,6825.0,6905.0,395652,430044,6880.0
2019-12-03,6910.0,6915.0,6810.0,6810.0,338430,386252,6850.0
2019-12-04,6800.0,6815.0,6665.0,6675.0,460232,331488,6750.0
2019-12-05,6685.0,6730.0,6660.0,6705.0,254876,304242,6695.0
2019-12-06,6700.0,6725.0,6670.0,6715.0,165318,290668,6700.0
2019-12-09,6725.0,6800.0,6710.0,6765.0,220910,283560,6740.0
2019-12-10,6760.0,6790.0,6675.0,6715.0,266810,227806,0.0
2019-12-11,6710.0,6755.0,6680.0,6745.0,164766,202394,6720.0
2019-12-12,6635.0,6645.0,6505.0,6535.0,367684,374030,6555.0
2019-12-13,6540.0,6570.0,6530.0,6560.0,161224,392582,6550.0
2019-12-16,6555.0,6615.0,6550.0,6595.0,230928,415584,6580.0
2019-12-17,6595.0,6600.0,6535.0,6560.0,151540,409664,6570.0
2019-12-18,6560.0,6585.0,6525.0,6570.0,182310,410074,6560.0
2019-12-19,6570.0,6615.0,6560.0,6610.0,241166,446466,6585.0
2019-12-20,6615.0,6630.0,6585.0,6605.0,174914,451236,6605.0
2019-12-23,6605.0,6610.0,6505.0,6510.0,307802,437570,0.0
2019-12-24,6500.0,6535.0,6490.0,6525.0,168672,439152,6510.0
2019-12-25,6535.0,6535.0,6480.0,6495.0,140420,443094,6505.0
2019-12-26,6495.0,6520.0,6465.0,6510.0,152552,449918,6490.0
2019-12-27,6515.0,6520.0,6490.0,6505.0,128664,452762,0.0
2019-12-30,6505.0,6545.0,6465.0,6540.0,211578,468892,6500.0
2019-12-31,6540.0,6540.0,6505.0,6525.0,170576,465248,6520.0
2020-01-02,6520.0,6530.0,6485.0,6500.0,54491,230632,6500.0
2020-01-03,6500.0,6510.0,6480.0,6495.0,72391,229655,6495.0
2020-01-06,6495.0,6590.0,6480.0,6545.0,174761,237376,6535.0
2020-01-07,6540.0,6545.0,6495.0,6510.0,86013,230968,6515.0
2020-01-08,6515.0,6570.0,6510.0,6565.0,115493,235940,6550.0
2020-01-09,6550.0,6565.0,6510.0,6515.0,101071,227837,6540.0
2020-01-10,6515.0,6625.0,6510.0,6620.0,128599,269917,6570.0
2020-01-13,6620.0,6635.0,6515.0,6525.0,189496,238111,0.0
2020-01-14,6530.0,6540.0,6480.0,6490.0,90500,223066,6505.0
2020-01-15,6490.0,6500.0,6455.0,6485.0,95524,217501,6475.0
2020-01-16,6485.0,6500.0,6455.0,6480.0,84185,207681,6470.0
2020-01-17,6485.0,6490.0,6460.0,6475.0,57764,202426,6475.0
2020-01-20,6480.0,6510.0,6470.0,6470.0,68333,197607,6480.0
2020-01-21,6470.0,6515.0,6460.0,6475.0,98487,193538,6480.0
2020-01-22,6475.0,6495.0,6435.0,6475.0,108687,183939,6470.0
2020-01-23,6475.0,6485.0,6430.0,6450.0,67918,179323,6450.0
2020-02-03,6165.0,6205.0,6070.0,6145.0,172502,149794,6145.0
2020-02-04,6130.0,6240.0,6115.0,6180.0,136942,147948,6175.0
2020-02-05,6185.0,6250.0,6175.0,6205.0,90955,147779,0.0
2020-02-06,6225.0,6250.0,6190.0,6245.0,74722,158870,0.0
2020-02-07,6240.0,6245.0,6215.0,6230.0,41770,159576,0.0
2020-02-10,6215.0,6255.0,6195.0,6235.0,67816,165612,0.0
2020-02-11,6240.0,6295.0,6230.0,6290.0,96887,176645,6265.0
2020-02-12,6285.0,6330.0,6275.0,6285.0,86006,181919,6300.0
2020-02-13,6290.0,6305.0,6255.0,6285.0,65576,184643,0.0
2020-02-14,6285.0,6335.0,6265.0,6320.0,82945,194096,6300.0
2020-02-17,6305.0,6320.0,6270.0,6300.0,81044,193366,6300.0
2020-02-18,6315.0,6320.0,6285.0,6295.0,62104,194064,0.0
2020-02-19,6290.0,6305.0,6250.0,6260.0,83837,192903,0.0
2020-02-20,6275.0,6315.0,6265.0,6315.0,103052,207442,0.0
2020-02-21,6305.0,6350.0,6305.0,6340.0,111270,212068,0.0
2020-02-24,6320.0,6340.0,6280.0,6330.0,97793,225257,6315.0
2020-02-25,6305.0,6360.0,6290.0,6340.0,105476,237201,0.0
2020-02-26,6320.0,6355.0,6310.0,6315.0,65349,228839,0.0
2020-02-27,6315.0,6330.0,6290.0,6295.0,82030,213564,0.0
2020-02-28,6280.0,6280.0,6215.0,6230.0,125455,210332,0.0
2020-03-02,6210.0,6285.0,6210.0,6260.0,111421,201815,0.0
2020-03-03,6285.0,6315.0,6260.0,6270.0,102972,198083,0.0
2020-03-04,6270.0,6280.0,6245.0,6270.0,66245,197989,0.0
2020-03-05,6275.0,6280.0,6235.0,6255.0,64639,196251,0.0
2020-03-06,6250.0,6250.0,6210.0,6230.0,72274,194415,0.0
2020-03-09,6025.0,6130.0,5995.0,6080.0,232734,201070,0.0
2020-03-10,6080.0,6210.0,6075.0,6190.0,149668,181072,6155.0
2020-03-11,6190.0,6235.0,6190.0,6220.0,100262,182217,0.0
2020-03-12,6210.0,6230.0,6175.0,6210.0,95366,179099,0.0
2020-03-13,6185.0,6245.0,6155.0,6235.0,97572,170586,0.0
2020-03-16,6225.0,6260.0,6190.0,6195.0,88307,165942,0.0
2020-03-17,6170.0,6205.0,6165.0,6165.0,76081,160100,0.0
2020-03-18,6150.0,6165.0,6050.0,6055.0,120748,152462,6115.0
2020-03-19,6030.0,6040.0,5875.0,5945.0,229275,129037,0.0
2020-03-20,5995.0,6045.0,5895.0,5965.0,127020,123589,0.0
2020-03-23,5875.0,5875.0,5730.0,5730.0,164152,115635,0.0
2020-03-24,5740.0,5795.0,5575.0,5680.0,227756,112483,0.0
2020-03-25,5700.0,5715.0,5520.0,5615.0,184613,114748,0.0
2020-03-26,5600.0,5605.0,5450.0,5455.0,147931,108417,0.0
2020-03-27,5420.0,5460.0,5320.0,5390.0,183737,90481,0.0
2020-03-30,5295.0,5295.0,5115.0,5115.0,140194,77101,0.0
2020-03-31,5105.0,5250.0,4970.0,5015.0,174624,71843,0.0
2020-04-01,5005.0,5145.0,4950.0,5130.0,260890,165993,0.0
2020-04-02,5135.0,5290.0,5095.0,5230.0,299537,179194,0.0
2020-04-03,5260.0,5395.0,5240.0,5315.0,313033,178565,0.0
2020-04-07,5405.0,5495.0,5390.0,5490.0,185067,185225,0.0
2020-04-08,5450.0,5495.0,5355.0,5430.0,207101,185292,0.0
2020-04-09,5475.0,5535.0,5385.0,5430.0,193613,199164,0.0
2020-04-10,5340.0,5490.0,5305.0,5460.0,239085,208043,0.0
2020-04-13,5520.0,5760.0,5455.0,5490.0,494300,213159,0.0
2020-04-14,5505.0,5515.0,5355.0,5430.0,282745,204397,0.0
2020-04-15,5380.0,5510.0,5370.0,5435.0,210218,206435,0.0
2020-04-16,5405.0,5465.0,5380.0,5400.0,155036,208639,0.0
2020-04-17,5410.0,5480.0,5350.0,5420.0,202405,203888,0.0
2020-04-20,5420.0,5445.0,5350.0,5405.0,152731,207010,0.0
2020-04-21,5355.0,5385.0,5250.0,5325.0,281651,209001,0.0
2020-04-22,5250.0,5310.0,5190.0,5265.0,294886,205339,0.0
2020-04-23,5320.0,5375.0,5295.0,5355.0,222731,198522,0.0
2020-04-24,5350.0,5420.0,5330.0,5330.0,140998,193436,0.0
2020-04-27,5355.0,5470.0,5345.0,5410.0,140917,191321,0.0
2020-04-28,5375.0,5445.0,5375.0,5425.0,157204,198777,0.0
2020-04-29,5430.0,5485.0,5375.0,5460.0,161862,196130,0.0
2020-04-30,5500.0,5520.0,5440.0,5485.0,138635,186242,0.0
2020-05-06,5615.0,5700.0,5555.0,5680.0,151907,186485,0.0
2020-05-07,5675.0,5740.0,5635.0,5665.0,152303,190288,0.0
2020-05-08,5705.0,5805.0,5660.0,5790.0,178009,208760,0.0
2020-05-11,5765.0,5840.0,5720.0,5745.0,205002,209222,0.0
2020-05-12,5765.0,5765.0,5650.0,5670.0,151928,208395,0.0
2020-05-13,5690.0,5710.0,5630.0,5680.0,123690,211205,0.0
2020-05-14,5705.0,5755.0,5665.0,5730.0,117562,212204,0.0
2020-05-15,5720.0,5860.0,5720.0,5820.0,182211,214548,0.0
2020-05-18,5820.0,5920.0,5795.0,5885.0,163501,218482,0.0
2020-05-19,5910.0,5990.0,5865.0,5880.0,163747,211571,0.0
2020-05-20,5915.0,5985.0,5850.0,5965.0,131319,209613,0.0
2020-05-21,5975.0,6085.0,5970.0,6055.0,169480,209604,0.0
2020-05-22,6060.0,6125.0,5950.0,6020.0,264147,214644,0.0
2020-05-25,6035.0,6155.0,6005.0,6070.0,214136,216808,0.0
2020-05-26,6070.0,6120.0,6050.0,6090.0,133363,215509,0.0
2020-05-27,6090.0,6105.0,6040.0,6080.0,139800,212912,0.0
2020-05-28,6080.0,6090.0,5960.0,6025.0,201914,203441,0.0
2020-05-29,6035.0,6085.0,5995.0,6040.0,146221,198264,0.0
2020-06-01,6055.0,6280.0,6035.0,6210.0,322730,209341,0.0
2020-06-02,6210.0,6340.0,6190.0,6315.0,237320,227864,0.0
2020-06-03,6330.0,6370.0,6290.0,6300.0,179367,229290,0.0
2020-06-04,6280.0,6310.0,6215.0,6235.0,219684,221964,0.0
2020-06-05,6245.0,6320.0,6245.0,6280.0,118011,217334,0.0
2020-06-08,6310.0,6340.0,6235.0,6310.0,194578,213575,0.0
2020-06-09,6310.0,6325.0,6260.0,6300.0,143944,213868,0.0
2020-06-10,6300.0,6405.0,6285.0,6315.0,188373,218118,0.0
2020-06-11,6320.0,6350.0,6255.0,6260.0,166919,214016,0.0
2020-06-12,6230.0,6340.0,6150.0,6340.0,240142,210795,0.0
2020-06-15,6340.0,6365.0,6255.0,6285.0,169145,208846,0.0
2020-06-16,6290.0,6370.0,6260.0,6345.0,172434,202991,0.0
2020-06-17,6350.0,6390.0,6265.0,6330.0,128183,198324,0.0
2020-06-18,6330.0,6340.0,6230.0,6250.0,185827,189173,0.0
2020-06-19,6250.0,6270.0,6185.0,6245.0,170502,187487,0.0
2020-06-22,6235.0,6255.0,6130.0,6190.0,182564,188416,0.0
2020-06-23,6190.0,6195.0,6140.0,6165.0,100685,186771,0.0
2020-06-24,6180.0,6195.0,6130.0,6170.0,119084,180797,0.0
2020-06-29,6140.0,6230.0,6060.0,6110.0,162284,179852,0.0
2020-06-30,6135.0,6205.0,6110.0,6180.0,126766,178267,0.0
2020-07-01,6165.0,6205.0,6130.0,6160.0,94626,175781,0.0
2020-07-02,6170.0,6295.0,6125.0,6290.0,214774,190668,0.0
2020-07-03,6275.0,6380.0,6260.0,6335.0,161464,188605,0.0
2020-07-06,6315.0,6400.0,6295.0,6390.0,142411,190035,0.0
2020-07-07,6390.0,6590.0,6370.0,6540.0,269154,200601,0.0
2020-07-08,6530.0,6580.0,6485.0,6515.0,191302,190645,0.0
2020-07-09,6525.0,6600.0,6500.0,6580.0,175855,194683,0.0
2020-07-10,6575.0,6650.0,6510.0,6540.0,276417,186916,0.0
2020-07-13,6560.0,6760.0,6545.0,6720.0,280173,193405,0.0
2020-07-14,6705.0,6770.0,6625.0,6665.0,192943,190088,0.0
2020-07-15,6670.0,6730.0,6550.0,6580.0,197768,182645,0.0
2020-07-16,6605.0,6620.0,6525.0,6555.0,190176,175118,0.0
2020-07-17,6535.0,6560.0,6470.0,6510.0,158912,167652,0.0
2020-07-20,6510.0,6685.0,6480.0,6610.0,270024,176727,6590.0
2020-07-21,6600.0,6660.0,6490.0,6605.0,215572,167783,6590.0
2020-07-22,6620.0,6660.0,6545.0,6545.0,123302,164787,6595.0
2020-07-23,6545.0,6630.0,6520.0,6540.0,164217,162347,6560.0
2020-07-24,6540.0,6545.0,6410.0,6415.0,215560,149603,6475.0
2020-07-27,6430.0,6530.0,6425.0,6520.0,138884,152718,6470.0
2020-07-28,6510.0,6545.0,6455.0,6530.0,125001,151889,6495.0
2020-07-29,6530.0,6595.0,6505.0,6510.0,135159,150198,6535.0
2020-07-30,6525.0,6680.0,6525.0,6605.0,206199,148442,6605.0
2020-07-31,6605.0,6635.0,6520.0,6610.0,140965,146560,6580.0
2020-08-03,6610.0,6695.0,6580.0,6680.0,164493,142740,6640.0
2020-08-04,6705.0,6745.0,6650.0,6700.0,137190,131737,6695.0
2020-08-05,6680.0,6790.0,6655.0,6750.0,184647,129099,6710.0
2020-08-06,6750.0,6770.0,6635.0,6610.0,144719,115643,0.0
2020-08-07,6635.0,6665.0,6535.0,6580.0,169920,103929,6590.0
2020-08-10,6595.0,6600.0,6455.0,6485.0,131547,99848,6505.0
2020-08-11,6510.0,6555.0,6480.0,6535.0,86013,90251,6515.0
2020-08-12,6510.0,6590.0,6470.0,6525.0,112902,80448,6525.0
2020-08-13,6520.0,6605.0,6490.0,6525.0,110772,70023,6535.0
2020-08-14,6500.0,6580.0,6490.0,6560.0,81266,62825,6530.0
2020-08-17,6540.0,6690.0,6525.0,6665.0,70971,52933,6595.0
2020-08-18,6565.0,6675.0,6550.0,6675.0,173758,176444,6620.0
2020-08-19,6660.0,6675.0,6595.0,6640.0,131210,183145,6630.0
2020-08-20,6640.0,6690.0,6585.0,6685.0,144526,186791,6635.0
2020-08-21,6660.0,6675.0,6600.0,6615.0,106352,184130,6630.0
2020-08-24,6600.0,6675.0,6530.0,6625.0,152106,183046,6605.0
2020-08-25,6610.0,6670.0,6585.0,6630.0,116475,185575,6620.0
2020-08-26,6630.0,6740.0,6610.0,6695.0,166636,209032,6695.0
2020-08-27,6680.0,6785.0,6635.0,6650.0,203254,203929,6695.0
2020-08-28,6645.0,6665.0,6590.0,6605.0,135501,199039,6615.0
2020-08-31,6600.0,6710.0,6590.0,6660.0,151929,200968,6655.0
2020-09-01,6660.0,6725.0,6650.0,6670.0,137023,209229,6680.0
2020-09-02,6670.0,6760.0,6670.0,6725.0,151683,219549,6715.0
2020-09-03,6710.0,6720.0,6650.0,6685.0,149938,213344,6685.0
2020-09-04,6675.0,6700.0,6595.0,6620.0,155519,208901,6645.0
2020-09-07,6620.0,6665.0,6580.0,6590.0,157950,208391,6615.0
2020-09-08,6600.0,6610.0,6510.0,6555.0,203689,202449,6555.0
2020-09-09,6535.0,6590.0,6490.0,6505.0,223509,191763,6535.0
2020-09-10,6535.0,6680.0,6525.0,6645.0,241440,193074,6615.0
2020-09-11,6625.0,6665.0,6590.0,6635.0,129959,192738,6625.0
2020-09-14,6620.0,6645.0,6535.0,6550.0,135603,195495,6580.0
2020-09-15,6540.0,6600.0,6515.0,6565.0,128627,194418,6555.0
2020-09-16,6565.0,6605.0,6540.0,6585.0,126156,190384,6570.0
2020-09-17,6605.0,6750.0,6600.0,6670.0,272216,199436,6680.0
2020-09-18,6665.0,6715.0,6645.0,6660.0,129993,197148,6675.0
2020-09-21,6660.0,6740.0,6620.0,6715.0,166973,206619,6685.0
2020-09-22,6705.0,6720.0,6630.0,6645.0,170780,195254,6670.0
2020-09-23,6650.0,6690.0,6620.0,6650.0,145559,196412,6650.0
2020-09-24,6660.0,6685.0,6520.0,6540.0,234871,200728,6580.0
2020-09-25,6540.0,6585.0,6445.0,6575.0,220396,199324,6520.0
2020-09-28,6575.0,6660.0,6555.0,6570.0,183671,196146,6600.0
2020-09-29,6585.0,6615.0,6555.0,6595.0,118576,188254,6585.0
2020-09-30,6595.0,6630.0,6555.0,6570.0,135761,185358,6580.0
2020-10-09,6650.0,6780.0,6625.0,6765.0,152637,194944,6690.0
2020-10-12,6760.0,6875.0,6730.0,6865.0,203074,221442,6810.0
2020-10-13,6865.0,6880.0,6795.0,6825.0,138092,221240,6825.0
2020-10-14,6840.0,6935.0,6840.0,6875.0,167597,229338,6875.0
2020-10-15,6895.0,6910.0,6825.0,6860.0,139130,235183,6865.0
2020-10-16,6955.0,6955.0,6640.0,6755.0,50004,7003,6765.0
2020-10-19,6860.0,6885.0,6795.0,6820.0,169637,233597,6835.0
2020-10-20,6825.0,6825.0,6745.0,6795.0,130853,220147,6790.0
2020-10-21,6805.0,6835.0,6715.0,6715.0,160022,208208,6775.0
2020-10-22,6715.0,6775.0,6710.0,6715.0,132989,206286,6740.0
2020-10-23,6715.0,6755.0,6685.0,6710.0,119706,201956,6715.0
2020-10-26,6715.0,6780.0,6645.0,6765.0,164142,211040,6705.0
2020-10-27,6780.0,6820.0,6750.0,6810.0,150816,221095,6785.0
2020-10-28,6810.0,6920.0,6810.0,6885.0,207957,250450,6865.0
2020-10-29,6880.0,6980.0,6845.0,6855.0,272122,266552,6900.0
2020-10-30,6820.0,6930.0,6760.0,6925.0,246321,276070,6850.0
2020-11-02,6945.0,7125.0,6915.0,7085.0,329630,310961,7020.0
2020-11-03,7100.0,7195.0,7065.0,7110.0,247652,314002,7125.0
2020-11-04,7150.0,7230.0,7030.0,7090.0,293331,304012,7120.0
2020-11-05,7105.0,7120.0,6970.0,7065.0,220594,305483,7065.0
2020-11-06,7080.0,7125.0,7035.0,7120.0,187823,307457,7080.0
2020-11-09,7135.0,7320.0,7130.0,7275.0,415771,346713,7220.0
2020-11-10,7350.0,7375.0,7030.0,7050.0,373395,284541,7175.0
2020-11-11,7065.0,7080.0,6950.0,7060.0,244337,271132,7025.0
2020-11-12,7060.0,7095.0,7000.0,7035.0,149870,259894,7045.0
2020-11-13,7070.0,7335.0,7060.0,7335.0,287764,288221,7185.0
2020-11-16,7335.0,7575.0,7285.0,7475.0,376839,307663,7420.0
2020-11-17,7515.0,7530.0,7340.0,7525.0,269968,301296,7450.0
2020-11-18,7530.0,7645.0,7475.0,7520.0,291646,293716,7550.0
2020-11-19,7520.0,7535.0,7385.0,7450.0,333273,268855,7465.0
2020-11-20,7440.0,7460.0,7320.0,7375.0,203636,262159,7380.0
2020-11-23,7385.0,7530.0,7350.0,7480.0,227479,264857,7445.0
2020-11-24,7485.0,7520.0,7380.0,7435.0,182474,261241,7450.0
2020-11-25,7450.0,7540.0,7345.0,7355.0,268685,256141,7445.0
2020-11-26,7340.0,7445.0,7335.0,7360.0,169056,252111,7390.0
2020-11-27,7355.0,7595.0,7355.0,7585.0,251236,265995,7450.0
2020-11-30,7585.0,7635.0,7430.0,7455.0,245621,251222,7525.0
2020-12-01,7460.0,7755.0,7460.0,7750.0,336303,281439,7610.0
2020-12-02,7790.0,7920.0,7650.0,7665.0,435078,262662,7775.0
2020-12-03,7670.0,7780.0,7580.0,7710.0,281800,254590,7680.0
2020-12-04,7730.0,7845.0,7640.0,7840.0,251896,252346,7750.0
2020-12-07,7855.0,7965.0,7705.0,7940.0,307021,242489,7840.0
2020-12-08,7940.0,7985.0,7795.0,7830.0,205308,223908,7885.0
2020-12-09,7835.0,8145.0,7805.0,8125.0,297094,230609,7990.0
2020-12-10,8120.0,8420.0,8085.0,8200.0,339500,200046,8225.0
2020-12-11,8220.0,8480.0,8200.0,8385.0,286510,189493,8325.0
2020-12-14,8385.0,8560.0,7935.0,7945.0,372124,156905,8260.0
2020-12-15,7915.0,8000.0,7770.0,7880.0,321074,126027,7880.0
2020-12-16,7860.0,7910.0,7640.0,7685.0,258209,107141,7740.0
2020-12-17,7705.0,7710.0,7550.0,7675.0,174760,93770,7625.0
2020-12-18,7485.0,7690.0,7425.0,7520.0,390775,278374,7565.0
2020-12-21,7535.0,7750.0,7510.0,7620.0,371583,298622,7605.0
2020-12-22,7590.0,7685.0,7450.0,7460.0,351796,294347,7590.0
2020-12-23,7500.0,7500.0,7360.0,7475.0,304008,299258,7440.0
2020-12-24,7480.0,7510.0,7375.0,7410.0,280044,311230,7435.0
2020-12-25,7380.0,7385.0,7155.0,7225.0,421737,325440,7245.0
2020-12-28,7210.0,7260.0,7065.0,7090.0,318875,338758,7135.0
2020-12-29,7120.0,7155.0,7035.0,7080.0,269493,339594,7090.0
2020-12-30,7100.0,7140.0,7040.0,7095.0,267134,352932,7085.0
2020-12-31,7085.0,7165.0,7050.0,7130.0,235784,360400,7100.0
2021-01-04,7150.0,7235.0,7080.0,7210.0,225573,382913,7150.0
2021-01-05,7220.0,7300.0,7135.0,7170.0,236609,383088,7225.0
2021-01-06,7195.0,7260.0,7165.0,7190.0,203508,392445,7200.0
2021-01-07,7180.0,7315.0,7155.0,7175.0,310390,396680,7235.0
2021-01-08,7175.0,7180.0,7000.0,7005.0,362854,389494,7095.0
2021-01-11,7000.0,7005.0,6890.0,6940.0,392481,391764,6950.0
2021-01-12,6930.0,7040.0,6875.0,7025.0,246556,397863,6940.0
2021-01-13,7010.0,7065.0,6965.0,7040.0,255732,405870,7020.0
2021-01-14,7020.0,7045.0,6910.0,7020.0,311978,406693,6975.0
2021-01-15,7000.0,7060.0,6965.0,7040.0,252501,411093,7015.0
2021-01-18,7040.0,7195.0,7000.0,7190.0,377598,413707,7080.0
2021-01-19,7170.0,7295.0,7170.0,7200.0,336701,397861,7225.0
2021-01-20,7210.0,7300.0,7180.0,7205.0,237025,395203,7225.0
2021-01-21,7205.0,7390.0,7205.0,7390.0,271475,404066,7295.0
2021-01-22,7420.0,7440.0,7315.0,7415.0,341092,395244,7375.0
2021-01-25,7395.0,7495.0,7210.0,7270.0,460389,367221,7330.0
2021-01-26,7260.0,7425.0,7260.0,7265.0,328995,364544,7340.0
2021-01-27,7285.0,7355.0,7275.0,7340.0,201774,365677,7320.0
2021-01-28,7320.0,7430.0,7295.0,7420.0,263826,372606,7360.0
2021-01-29,7410.0,7485.0,7345.0,7430.0,251253,375645,7415.0
2021-02-01,7435.0,7550.0,7280.0,7280.0,364367,352176,7395.0
2021-02-02,7300.0,7365.0,7250.0,7305.0,245827,351611,7305.0
2021-02-03,7330.0,7445.0,7270.0,7445.0,270176,347925,7340.0
2021-02-04,7455.0,7660.0,7370.0,7640.0,383707,384229,7510.0
2021-02-05,7620.0,7665.0,7535.0,7625.0,302301,381700,7595.0
2021-02-08,7630.0,7725.0,7565.0,7640.0,251532,378181,7650.0
2021-02-09,7650.0,7720.0,7600.0,7720.0,223878,376435,7670.0
2021-02-10,7705.0,7735.0,7600.0,7720.0,233750,356454,7665.0
2021-02-18,7895.0,8100.0,7845.0,8000.0,280950,347140,7955.0
2021-02-19,7960.0,8250.0,7885.0,8220.0,395602,358610,8050.0
2021-02-22,8225.0,8610.0,8185.0,8610.0,571881,357952,8450.0
2021-02-23,8650.0,8905.0,8480.0,8610.0,660792,322117,8680.0
2021-02-24,8610.0,8720.0,8510.0,8520.0,401418,327317,8610.0
2021-02-25,8550.0,8820.0,8360.0,8500.0,683127,311417,8555.0
2021-02-26,8480.0,8590.0,8380.0,8505.0,469297,307183,8485.0
2021-03-01,8475.0,8480.0,8155.0,8340.0,533113,292978,8340.0
2021-03-02,8300.0,8390.0,8210.0,8345.0,365171,296294,8285.0
2021-03-03,8370.0,8690.0,8340.0,8540.0,562141,308145,8525.0
2021-03-04,8545.0,8695.0,8355.0,8375.0,465197,305330,8535.0
2021-03-05,8375.0,8525.0,8265.0,8430.0,506615,298934,8390.0
2021-03-08,8465.0,8795.0,8415.0,8695.0,480149,301327,8635.0
2021-03-09,8670.0,8840.0,8550.0,8560.0,531882,305267,8720.0
2021-03-10,8650.0,8680.0,8450.0,8455.0,474659,298121,8585.0
2021-03-11,8530.0,8755.0,8440.0,8705.0,516603,332632,8590.0
2021-03-12,8730.0,8885.0,8630.0,8750.0,549819,336489,8760.0
2021-03-15,8840.0,9190.0,8770.0,9150.0,930155,402027,9000.0
2021-03-16,9150.0,9280.0,9040.0,9085.0,726143,396177,9165.0
2021-03-17,9040.0,9145.0,8985.0,9070.0,510993,373439,9065.0
2021-03-18,9025.0,9260.0,8840.0,8875.0,823804,345236,9085.0
2021-03-19,8910.0,8960.0,8720.0,8770.0,692631,303026,8845.0
2021-03-22,8805.0,8970.0,8770.0,8795.0,512990,305818,8840.0
2021-03-23,8825.0,8895.0,8525.0,8650.0,620615,289192,8730.0
2021-03-24,8600.0,8675.0,8455.0,8610.0,575388,282172,8580.0
2021-03-25,8650.0,8835.0,8575.0,8695.0,533473,300123,8685.0
2021-03-26,8695.0,8920.0,8645.0,8920.0,518726,324851,8780.0
2021-03-29,8890.0,8935.0,8750.0,8795.0,494767,300855,8845.0
2021-03-30,8830.0,8870.0,8610.0,8640.0,483511,277959,8750.0
2021-03-31,8610.0,8690.0,8515.0,8540.0,471032,260888,8615.0
2021-04-01,8530.0,8805.0,8530.0,8795.0,382550,260769,8655.0
2021-04-02,8795.0,8945.0,8730.0,8930.0,442199,271203,8830.0
2021-04-06,8880.0,8985.0,8860.0,8940.0,264335,273514,8910.0
2021-04-07,8925.0,9140.0,8865.0,8875.0,456573,272510,9010.0
2021-04-08,8905.0,8925.0,8785.0,8870.0,336334,257743,8865.0
2021-04-09,8860.0,8870.0,8700.0,8735.0,326267,234434,8765.0
2021-04-12,8735.0,8765.0,8550.0,8610.0,360957,206443,8645.0
2021-04-13,8645.0,8710.0,8580.0,8595.0,316128,182116,8640.0
2021-04-14,8610.0,8755.0,8610.0,8715.0,235549,159360,8685.0
2021-04-15,8640.0,8815.0,8625.0,8725.0,425725,305659,8710.0
2021-04-16,8760.0,8860.0,8725.0,8810.0,375499,337907,8800.0
2021-04-19,8820.0,8995.0,8810.0,8840.0,488430,377466,8895.0
2021-04-20,8880.0,8965.0,8775.0,8840.0,424125,400137,8875.0
2021-04-21,8845.0,8850.0,8610.0,8640.0,517514,375303,8705.0
2021-04-22,8650.0,8945.0,8635.0,8925.0,550628,410866,8790.0
2021-04-23,8925.0,9050.0,8855.0,9040.0,444954,457560,8935.0
2021-04-26,9040.0,9095.0,8795.0,8885.0,570419,419534,8920.0
2021-04-27,8870.0,8975.0,8805.0,8925.0,394200,417787,8880.0
2021-04-28,8930.0,9010.0,8840.0,8985.0,439382,433124,8925.0
2021-04-29,8985.0,8985.0,8830.0,8885.0,382231,398003,8890.0
2021-04-30,8885.0,8915.0,8740.0,8860.0,531954,376265,8830.0
